UserID,Age,Gender,VRHeadset,Duration,MotionSickness,ImmersionLevel,Riesgo_Mareo
1,40,Male,Htc Vive,13.59850822622312,8,5,Alto Riesgo
2,43,Female,Htc Vive,19.950814982037045,2,2,Bajo Riesgo
3,27,Male,Playstation Vr,16.543387403445806,4,2,Bajo Riesgo
4,33,Male,Htc Vive,42.57408329936264,6,3,Alto Riesgo
5,51,Male,Playstation Vr,22.452646660410768,4,2,Bajo Riesgo
6,46,Other,Oculus Rift,28.284971508682087,7,4,Alto Riesgo
7,49,Other,Oculus Rift,52.298300530611705,7,3,Alto Riesgo
8,42,Other,Oculus Rift,22.95941607305977,8,2,Alto Riesgo
9,56,Female,Playstation Vr,16.858710163062334,5,1,Bajo Riesgo
10,60,Male,Oculus Rift,34.470606224394096,5,4,Bajo Riesgo
11,37,Male,Oculus Rift,43.369076173206025,2,1,Bajo Riesgo
12,23,Other,Playstation Vr,25.109776419378324,8,4,Alto Riesgo
13,45,Male,Playstation Vr,58.135515249597866,5,3,Bajo Riesgo
14,28,Female,Playstation Vr,25.98475653246694,5,5,Bajo Riesgo
15,23,Male,Htc Vive,57.14737170483026,7,4,Alto Riesgo
16,34,Female,Oculus Rift,44.69653881983199,1,3,Bajo Riesgo
17,48,Male,Playstation Vr,22.86465198740359,10,5,Alto Riesgo
18,54,Male,Playstation Vr,36.80742591920735,4,2,Bajo Riesgo
19,35,Other,Oculus Rift,48.29172371093784,10,1,Alto Riesgo
20,27,Other,Oculus Rift,15.796858663495978,7,2,Alto Riesgo
21,25,Other,Oculus Rift,36.50105563997955,10,1,Alto Riesgo
22,57,Male,Oculus Rift,23.584564309552,4,3,Bajo Riesgo
23,38,Female,Oculus Rift,35.34748381756607,4,5,Bajo Riesgo
24,60,Female,Oculus Rift,44.650802883781175,10,5,Alto Riesgo
25,41,Other,Playstation Vr,5.284614604786615,5,5,Bajo Riesgo
26,28,Female,Playstation Vr,26.694855666660157,9,1,Alto Riesgo
27,60,Other,Oculus Rift,15.264069296488367,3,3,Bajo Riesgo
28,24,Male,Htc Vive,34.09273884345478,7,3,Alto Riesgo
29,30,Other,Htc Vive,57.409610908285664,4,4,Bajo Riesgo
30,59,Female,Oculus Rift,11.516564009860105,6,3,Alto Riesgo
31,31,Male,Oculus Rift,32.520598741098595,7,1,Alto Riesgo
32,25,Other,Htc Vive,20.997101664056203,6,3,Alto Riesgo
33,39,Female,Playstation Vr,18.35110287398228,1,5,Bajo Riesgo
34,49,Male,Playstation Vr,28.80686780874029,10,1,Alto Riesgo
35,23,Other,Playstation Vr,20.103585377837604,3,1,Bajo Riesgo
36,53,Female,Oculus Rift,45.49614799594853,10,5,Alto Riesgo
37,54,Other,Oculus Rift,37.72750377275237,5,3,Bajo Riesgo
38,41,Male,Oculus Rift,52.72082314860701,3,4,Bajo Riesgo
39,43,Female,Playstation Vr,6.115949163934541,10,3,Alto Riesgo
40,45,Other,Playstation Vr,39.828380778093,9,2,Alto Riesgo
41,30,Female,Playstation Vr,10.312469511647471,9,4,Alto Riesgo
42,33,Male,Htc Vive,40.54652247600933,5,1,Bajo Riesgo
43,53,Female,Htc Vive,6.417383142271446,3,2,Bajo Riesgo
44,19,Other,Playstation Vr,14.899367933909812,10,1,Alto Riesgo
45,51,Female,Playstation Vr,58.525514227701095,10,5,Alto Riesgo
46,41,Other,Playstation Vr,19.296934502467558,6,4,Alto Riesgo
47,39,Female,Htc Vive,21.0427613626076,2,4,Bajo Riesgo
48,29,Female,Playstation Vr,14.866675032647931,6,4,Alto Riesgo
49,37,Female,Oculus Rift,46.19613981805462,8,5,Alto Riesgo
50,36,Female,Oculus Rift,13.861580093962896,5,1,Bajo Riesgo
51,49,Female,Oculus Rift,16.850728486892848,2,4,Bajo Riesgo
52,34,Other,Oculus Rift,41.024921730814576,7,3,Alto Riesgo
53,46,Other,Playstation Vr,48.887564989273706,6,2,Alto Riesgo
54,54,Male,Htc Vive,53.91962373315263,5,2,Bajo Riesgo
55,38,Female,Oculus Rift,18.42890716490987,7,1,Alto Riesgo
56,45,Male,Htc Vive,49.64095633147983,6,2,Alto Riesgo
57,58,Other,Playstation Vr,43.97174729834192,5,2,Bajo Riesgo
58,38,Female,Oculus Rift,51.37879755562164,3,2,Bajo Riesgo
59,46,Other,Htc Vive,57.21322866729393,9,1,Alto Riesgo
60,36,Other,Htc Vive,23.895177669622065,7,1,Alto Riesgo
61,50,Other,Oculus Rift,14.665597513548036,8,4,Alto Riesgo
62,44,Other,Oculus Rift,51.69183497363492,4,1,Bajo Riesgo
63,56,Male,Playstation Vr,50.04306923551602,6,3,Alto Riesgo
64,47,Male,Htc Vive,50.52823104912159,2,5,Bajo Riesgo
65,43,Male,Playstation Vr,17.270449217582556,10,2,Alto Riesgo
66,54,Male,Htc Vive,42.758467651011976,7,2,Alto Riesgo
67,29,Female,Playstation Vr,13.467847728661791,8,5,Alto Riesgo
68,57,Male,Playstation Vr,5.536129568559261,6,5,Alto Riesgo
69,23,Male,Htc Vive,48.569948303232216,6,4,Alto Riesgo
70,43,Male,Htc Vive,39.56828853000213,9,3,Alto Riesgo
71,55,Other,Playstation Vr,25.26757899480525,1,1,Bajo Riesgo
72,49,Female,Htc Vive,8.11170520004374,4,2,Bajo Riesgo
73,60,Other,Playstation Vr,48.85933277286004,5,5,Bajo Riesgo
74,35,Female,Htc Vive,50.72528526056071,7,2,Alto Riesgo
75,19,Male,Playstation Vr,41.27046296011498,10,3,Alto Riesgo
76,42,Female,Playstation Vr,44.96861404693434,6,4,Alto Riesgo
77,47,Male,Playstation Vr,27.19291658302162,7,4,Alto Riesgo
78,44,Female,Oculus Rift,53.98785147523447,7,1,Alto Riesgo
79,36,Female,Playstation Vr,32.97738405178237,5,2,Bajo Riesgo
80,28,Female,Playstation Vr,51.643972752162696,9,5,Alto Riesgo
81,27,Male,Htc Vive,42.16826560098456,1,4,Bajo Riesgo
82,35,Other,Playstation Vr,44.10541934446075,5,3,Bajo Riesgo
83,26,Female,Playstation Vr,28.812585927484125,2,1,Bajo Riesgo
84,37,Female,Playstation Vr,57.97592199086118,8,3,Alto Riesgo
85,27,Other,Htc Vive,5.008671710631825,7,2,Alto Riesgo
86,45,Other,Htc Vive,14.335874260632306,6,1,Alto Riesgo
87,37,Male,Oculus Rift,55.2234370704365,2,2,Bajo Riesgo
88,33,Female,Playstation Vr,50.59485754835504,9,2,Alto Riesgo
89,42,Female,Playstation Vr,36.97239643525675,2,4,Bajo Riesgo
90,19,Other,Htc Vive,42.00094508330504,2,5,Bajo Riesgo
91,54,Other,Playstation Vr,13.024758899765471,4,4,Bajo Riesgo
92,43,Female,Htc Vive,31.43479161465861,1,4,Bajo Riesgo
93,48,Other,Htc Vive,28.114186190232424,10,3,Alto Riesgo
94,21,Other,Oculus Rift,21.28381836921493,1,2,Bajo Riesgo
95,55,Female,Playstation Vr,42.98374607803835,7,1,Alto Riesgo
96,58,Other,Playstation Vr,57.39661712816199,4,5,Bajo Riesgo
97,49,Female,Oculus Rift,39.50616333085914,8,1,Alto Riesgo
98,47,Female,Playstation Vr,15.52703652064751,8,1,Alto Riesgo
99,41,Other,Htc Vive,52.24950968801828,7,3,Alto Riesgo
100,37,Female,Playstation Vr,35.44494881727786,8,5,Alto Riesgo
101,21,Male,Htc Vive,43.628670404505,8,1,Alto Riesgo
102,57,Other,Htc Vive,40.25901298393924,6,4,Alto Riesgo
103,22,Male,Htc Vive,27.97101601959013,5,3,Bajo Riesgo
104,58,Male,Oculus Rift,5.938233637962936,8,2,Alto Riesgo
105,27,Male,Htc Vive,44.62556264380942,1,3,Bajo Riesgo
106,38,Male,Oculus Rift,37.21702115880852,4,2,Bajo Riesgo
107,29,Male,Htc Vive,58.57555010227446,3,2,Bajo Riesgo
108,55,Male,Playstation Vr,43.4532130372289,10,4,Alto Riesgo
109,39,Female,Oculus Rift,39.98129768969828,1,1,Bajo Riesgo
110,21,Other,Htc Vive,51.04603098994023,9,3,Alto Riesgo
111,25,Male,Oculus Rift,25.32700076536103,3,2,Bajo Riesgo
112,60,Other,Htc Vive,12.702774917558262,1,4,Bajo Riesgo
113,39,Female,Playstation Vr,27.20456464511001,4,5,Bajo Riesgo
114,42,Male,Oculus Rift,31.6460116173224,8,4,Alto Riesgo
115,37,Female,Playstation Vr,12.784447483912658,6,1,Alto Riesgo
116,46,Female,Oculus Rift,31.173395578585243,1,4,Bajo Riesgo
117,34,Male,Oculus Rift,6.13900559378939,5,1,Bajo Riesgo
118,59,Female,Htc Vive,5.503272092564931,10,1,Alto Riesgo
119,40,Male,Htc Vive,42.453621281452776,5,1,Bajo Riesgo
120,38,Male,Playstation Vr,17.99089158735286,3,4,Bajo Riesgo
121,60,Female,Htc Vive,7.3827275549122895,10,1,Alto Riesgo
122,33,Female,Htc Vive,55.24004123815162,8,3,Alto Riesgo
123,40,Female,Oculus Rift,51.7433367919241,3,3,Bajo Riesgo
124,40,Other,Htc Vive,19.53150021310952,1,2,Bajo Riesgo
125,18,Female,Playstation Vr,23.441191161586133,10,4,Alto Riesgo
126,41,Other,Oculus Rift,50.254934338089846,1,1,Bajo Riesgo
127,60,Other,Playstation Vr,58.77237494920231,1,5,Bajo Riesgo
128,35,Other,Htc Vive,15.314607983257211,10,1,Alto Riesgo
129,50,Other,Playstation Vr,18.48418008154072,8,4,Alto Riesgo
130,26,Female,Htc Vive,56.38556962459881,2,1,Bajo Riesgo
131,19,Male,Playstation Vr,5.193212457694742,5,5,Bajo Riesgo
132,42,Other,Playstation Vr,14.689246670164838,5,5,Bajo Riesgo
133,40,Other,Playstation Vr,11.205968444628528,7,4,Alto Riesgo
134,21,Female,Playstation Vr,17.66921492548709,9,5,Alto Riesgo
135,49,Other,Playstation Vr,53.54930699615135,7,4,Alto Riesgo
136,35,Other,Playstation Vr,22.594296526539853,8,2,Alto Riesgo
137,39,Female,Htc Vive,43.69333550231479,10,2,Alto Riesgo
138,57,Other,Playstation Vr,15.1302400568986,2,3,Bajo Riesgo
139,42,Female,Oculus Rift,7.07738174869298,5,5,Bajo Riesgo
140,58,Male,Oculus Rift,28.879421955670868,2,1,Bajo Riesgo
141,45,Other,Oculus Rift,43.38548836196316,8,2,Alto Riesgo
142,34,Other,Oculus Rift,49.26654303094564,1,5,Bajo Riesgo
143,36,Other,Playstation Vr,43.67715151260036,3,3,Bajo Riesgo
144,21,Male,Oculus Rift,32.33167012748571,9,1,Alto Riesgo
145,18,Other,Htc Vive,10.455393958544962,5,2,Bajo Riesgo
146,31,Male,Oculus Rift,54.33275421310929,3,1,Bajo Riesgo
147,37,Other,Oculus Rift,56.058982390892425,4,1,Bajo Riesgo
148,33,Other,Playstation Vr,13.320523914573748,7,1,Alto Riesgo
149,20,Female,Htc Vive,45.23560483706321,2,4,Bajo Riesgo
150,26,Other,Playstation Vr,33.803091425587496,4,2,Bajo Riesgo
151,39,Other,Oculus Rift,32.7304632936619,3,4,Bajo Riesgo
152,49,Female,Oculus Rift,22.532101245605144,10,3,Alto Riesgo
153,42,Other,Htc Vive,43.135963204183504,3,4,Bajo Riesgo
154,20,Other,Htc Vive,57.38293506273816,3,5,Bajo Riesgo
155,43,Female,Htc Vive,9.018878245830791,4,5,Bajo Riesgo
156,35,Female,Oculus Rift,11.308401229533834,10,3,Alto Riesgo
157,55,Female,Htc Vive,32.13185178552564,5,5,Bajo Riesgo
158,36,Other,Oculus Rift,24.25074579431782,1,1,Bajo Riesgo
159,55,Female,Playstation Vr,32.41566194598681,10,1,Alto Riesgo
160,60,Female,Playstation Vr,59.03127087259328,6,3,Alto Riesgo
161,60,Male,Playstation Vr,29.025296823415925,8,1,Alto Riesgo
162,58,Other,Playstation Vr,57.27418269202001,10,3,Alto Riesgo
163,19,Other,Htc Vive,54.2418522480388,2,1,Bajo Riesgo
164,25,Female,Oculus Rift,38.9716086615651,1,3,Bajo Riesgo
165,19,Male,Oculus Rift,31.38581411563076,5,2,Bajo Riesgo
166,39,Female,Playstation Vr,8.69302738982064,2,4,Bajo Riesgo
167,30,Male,Htc Vive,13.417641589357634,6,5,Alto Riesgo
168,48,Female,Oculus Rift,9.941461761896608,1,5,Bajo Riesgo
169,32,Other,Htc Vive,51.8597893597564,3,5,Bajo Riesgo
170,36,Male,Playstation Vr,41.14762387222579,10,1,Alto Riesgo
171,24,Female,Htc Vive,41.141356913393786,5,1,Bajo Riesgo
172,43,Male,Htc Vive,48.102678453550666,1,1,Bajo Riesgo
173,39,Other,Htc Vive,43.92802031298216,8,1,Alto Riesgo
174,58,Female,Oculus Rift,37.108474112540186,2,1,Bajo Riesgo
175,48,Female,Oculus Rift,33.08303161329691,9,2,Alto Riesgo
176,38,Male,Playstation Vr,21.83719810721277,9,2,Alto Riesgo
177,55,Female,Htc Vive,20.85454578239926,3,2,Bajo Riesgo
178,23,Male,Htc Vive,19.481424852284768,1,2,Bajo Riesgo
179,31,Female,Htc Vive,25.125631137867902,9,1,Alto Riesgo
180,27,Female,Htc Vive,6.335489106310346,9,3,Alto Riesgo
181,26,Other,Htc Vive,24.29471869678068,3,1,Bajo Riesgo
182,24,Male,Oculus Rift,59.166574082555705,2,4,Bajo Riesgo
183,34,Other,Oculus Rift,34.11544739125256,7,5,Alto Riesgo
184,26,Female,Playstation Vr,51.68361916296101,4,2,Bajo Riesgo
185,33,Other,Oculus Rift,42.90109851228274,8,3,Alto Riesgo
186,55,Female,Playstation Vr,35.80517132296273,10,3,Alto Riesgo
187,42,Male,Oculus Rift,13.39637036015206,2,1,Bajo Riesgo
188,29,Female,Htc Vive,26.222387976190834,1,3,Bajo Riesgo
189,28,Female,Oculus Rift,46.0525474160488,1,2,Bajo Riesgo
190,55,Other,Oculus Rift,54.987576589635225,4,5,Bajo Riesgo
191,57,Other,Playstation Vr,22.273076675454217,10,4,Alto Riesgo
192,29,Female,Oculus Rift,52.66661157298209,2,3,Bajo Riesgo
193,55,Female,Playstation Vr,59.17311719535402,4,1,Bajo Riesgo
194,41,Female,Playstation Vr,42.89614867500631,3,3,Bajo Riesgo
195,39,Male,Oculus Rift,45.16754834971111,8,3,Alto Riesgo
196,37,Other,Playstation Vr,32.14204874293199,6,1,Alto Riesgo
197,20,Other,Htc Vive,45.28963279006209,8,5,Alto Riesgo
198,55,Male,Oculus Rift,42.96134383595791,8,5,Alto Riesgo
199,56,Other,Playstation Vr,41.025526343178406,3,4,Bajo Riesgo
200,33,Other,Htc Vive,11.47021901619747,10,1,Alto Riesgo
201,55,Male,Oculus Rift,8.46133530888975,3,4,Bajo Riesgo
202,38,Male,Htc Vive,25.71767960856044,3,4,Bajo Riesgo
203,32,Female,Htc Vive,42.3839622804653,7,1,Alto Riesgo
204,21,Other,Oculus Rift,9.213936961051264,2,1,Bajo Riesgo
205,40,Other,Playstation Vr,8.720006193692365,5,2,Bajo Riesgo
206,20,Other,Oculus Rift,28.09123714045642,7,2,Alto Riesgo
207,18,Male,Htc Vive,31.577104855025517,4,4,Bajo Riesgo
208,41,Female,Htc Vive,28.233899957625752,4,5,Bajo Riesgo
209,25,Male,Oculus Rift,13.818440400003515,7,2,Alto Riesgo
210,48,Male,Oculus Rift,31.179810229576077,1,5,Bajo Riesgo
211,51,Other,Htc Vive,52.77755413185617,6,2,Alto Riesgo
212,24,Female,Playstation Vr,26.76990493363618,8,5,Alto Riesgo
213,53,Female,Oculus Rift,32.22221426824987,10,2,Alto Riesgo
214,42,Male,Htc Vive,21.117690873840647,6,4,Alto Riesgo
215,56,Female,Htc Vive,5.925511277013653,10,1,Alto Riesgo
216,59,Male,Playstation Vr,55.26796192437496,5,5,Bajo Riesgo
217,32,Male,Oculus Rift,56.228349131973616,9,5,Alto Riesgo
218,20,Male,Oculus Rift,51.4861096041564,6,3,Alto Riesgo
219,47,Other,Oculus Rift,35.16229434282233,9,5,Alto Riesgo
220,42,Female,Htc Vive,58.67896539588441,9,2,Alto Riesgo
221,29,Female,Playstation Vr,32.434009317665,2,4,Bajo Riesgo
222,38,Other,Playstation Vr,45.7369988497472,10,1,Alto Riesgo
223,20,Other,Htc Vive,14.98568792290144,6,2,Alto Riesgo
224,38,Other,Oculus Rift,56.87272604761874,5,4,Bajo Riesgo
225,60,Other,Playstation Vr,52.77465196395801,4,4,Bajo Riesgo
226,20,Female,Oculus Rift,44.21489732983517,7,4,Alto Riesgo
227,30,Female,Oculus Rift,24.55458662746932,4,5,Bajo Riesgo
228,19,Female,Playstation Vr,12.269679569089012,1,3,Bajo Riesgo
229,30,Male,Htc Vive,15.072718759616183,9,2,Alto Riesgo
230,47,Female,Playstation Vr,43.91145113475982,4,4,Bajo Riesgo
231,31,Male,Oculus Rift,49.22463189542025,3,5,Bajo Riesgo
232,25,Male,Oculus Rift,23.18860293315785,10,2,Alto Riesgo
233,60,Male,Playstation Vr,17.252068907454017,9,3,Alto Riesgo
234,35,Other,Oculus Rift,28.566049426140815,2,4,Bajo Riesgo
235,41,Other,Oculus Rift,33.51071575047004,5,5,Bajo Riesgo
236,36,Other,Oculus Rift,27.60046750055184,10,2,Alto Riesgo
237,39,Other,Htc Vive,35.271372770457845,1,3,Bajo Riesgo
238,31,Other,Htc Vive,35.15146030088155,1,1,Bajo Riesgo
239,23,Male,Playstation Vr,6.632134053635467,3,2,Bajo Riesgo
240,52,Female,Oculus Rift,28.35404615609802,5,2,Bajo Riesgo
241,20,Male,Playstation Vr,36.816617931522046,3,4,Bajo Riesgo
242,47,Female,Playstation Vr,18.26953024431006,6,4,Alto Riesgo
243,24,Other,Htc Vive,30.16684105285917,2,1,Bajo Riesgo
244,52,Other,Htc Vive,56.10284518363555,5,3,Bajo Riesgo
245,35,Male,Oculus Rift,41.60064960306035,2,5,Bajo Riesgo
246,36,Other,Playstation Vr,56.13921191808851,10,3,Alto Riesgo
247,51,Other,Htc Vive,50.295990444064685,1,2,Bajo Riesgo
248,42,Other,Htc Vive,19.978172909441987,6,1,Alto Riesgo
249,53,Other,Oculus Rift,29.09477246249797,6,4,Alto Riesgo
250,38,Male,Htc Vive,20.68966798831051,7,3,Alto Riesgo
251,34,Male,Oculus Rift,25.931966912460958,4,4,Bajo Riesgo
252,35,Male,Htc Vive,14.5358348341867,5,1,Bajo Riesgo
253,60,Other,Oculus Rift,24.888673467330797,4,5,Bajo Riesgo
254,20,Other,Htc Vive,52.18778860144982,3,2,Bajo Riesgo
255,32,Male,Oculus Rift,59.1376519075106,9,1,Alto Riesgo
256,30,Other,Oculus Rift,51.55033090234956,10,2,Alto Riesgo
257,32,Female,Htc Vive,41.19548707332049,2,1,Bajo Riesgo
258,56,Female,Oculus Rift,58.4648380169248,4,4,Bajo Riesgo
259,49,Female,Htc Vive,26.05533812159344,10,2,Alto Riesgo
260,38,Female,Htc Vive,5.347581524631143,10,1,Alto Riesgo
261,59,Female,Oculus Rift,15.892440058310168,4,3,Bajo Riesgo
262,41,Male,Playstation Vr,12.3220294611079,4,4,Bajo Riesgo
263,48,Male,Oculus Rift,22.683333988707663,4,1,Bajo Riesgo
264,32,Female,Oculus Rift,7.233043570780897,9,5,Alto Riesgo
265,24,Male,Htc Vive,51.89726739598849,8,2,Alto Riesgo
266,29,Male,Playstation Vr,21.4113019358818,8,2,Alto Riesgo
267,53,Male,Htc Vive,28.260952990353957,5,1,Bajo Riesgo
268,57,Other,Oculus Rift,30.90222249596188,1,5,Bajo Riesgo
269,42,Female,Oculus Rift,42.63299269988583,10,1,Alto Riesgo
270,58,Other,Htc Vive,40.28872412180051,5,5,Bajo Riesgo
271,37,Other,Oculus Rift,13.163848009366404,10,5,Alto Riesgo
272,29,Female,Oculus Rift,43.22221062770512,10,3,Alto Riesgo
273,25,Female,Htc Vive,36.342266714381,7,1,Alto Riesgo
274,27,Other,Playstation Vr,36.08073790418675,5,4,Bajo Riesgo
275,33,Female,Htc Vive,28.25543202084931,1,3,Bajo Riesgo
276,38,Female,Playstation Vr,35.990464762514854,5,1,Bajo Riesgo
277,57,Other,Oculus Rift,52.03967136670318,6,5,Alto Riesgo
278,39,Male,Htc Vive,58.32511039095489,6,4,Alto Riesgo
279,55,Other,Oculus Rift,21.78197038569274,2,3,Bajo Riesgo
280,41,Other,Oculus Rift,5.608130156959668,5,4,Bajo Riesgo
281,24,Male,Playstation Vr,55.57757196988497,9,1,Alto Riesgo
282,47,Male,Htc Vive,44.40805706214391,5,3,Bajo Riesgo
283,47,Female,Oculus Rift,31.40139958757288,7,4,Alto Riesgo
284,40,Female,Oculus Rift,59.73389531418631,9,4,Alto Riesgo
285,20,Other,Playstation Vr,5.678893773178635,9,4,Alto Riesgo
286,54,Other,Playstation Vr,24.80022234986135,7,2,Alto Riesgo
287,56,Male,Oculus Rift,43.61129637686162,8,2,Alto Riesgo
288,47,Other,Oculus Rift,15.84963661077921,9,5,Alto Riesgo
289,23,Female,Playstation Vr,40.94482898617223,2,1,Bajo Riesgo
290,32,Other,Oculus Rift,19.300457986034857,9,5,Alto Riesgo
291,31,Female,Oculus Rift,7.495519139628522,8,5,Alto Riesgo
292,42,Male,Htc Vive,35.266731155458174,3,5,Bajo Riesgo
293,51,Male,Playstation Vr,21.39356750777037,5,3,Bajo Riesgo
294,28,Other,Oculus Rift,57.09694590252728,7,1,Alto Riesgo
295,40,Female,Oculus Rift,45.27820204665306,3,4,Bajo Riesgo
296,33,Male,Oculus Rift,52.44700641008652,9,3,Alto Riesgo
297,23,Male,Playstation Vr,43.89558720821031,7,1,Alto Riesgo
298,39,Other,Htc Vive,55.89584405260791,1,1,Bajo Riesgo
299,31,Female,Oculus Rift,22.84346315644444,9,4,Alto Riesgo
300,18,Other,Htc Vive,51.813832644409,7,3,Alto Riesgo
301,46,Other,Playstation Vr,36.596810435411314,6,1,Alto Riesgo
302,27,Female,Htc Vive,42.75459162808759,10,2,Alto Riesgo
303,30,Other,Oculus Rift,27.097769821057163,4,5,Bajo Riesgo
304,30,Other,Htc Vive,19.27087809829737,3,5,Bajo Riesgo
305,55,Female,Htc Vive,20.621731128775817,6,3,Alto Riesgo
306,34,Male,Playstation Vr,37.11842032810016,1,5,Bajo Riesgo
307,18,Male,Htc Vive,53.95627156487721,9,4,Alto Riesgo
308,58,Male,Oculus Rift,57.283119906548514,10,1,Alto Riesgo
309,37,Female,Oculus Rift,25.227551853333026,1,3,Bajo Riesgo
310,33,Other,Playstation Vr,58.21748904802064,6,2,Alto Riesgo
311,30,Other,Playstation Vr,19.099456707347784,3,3,Bajo Riesgo
312,51,Other,Playstation Vr,55.62710606978335,5,5,Bajo Riesgo
313,29,Female,Oculus Rift,6.216317575756527,7,4,Alto Riesgo
314,33,Male,Playstation Vr,56.726841066606255,8,2,Alto Riesgo
315,41,Male,Htc Vive,28.07512995784392,1,3,Bajo Riesgo
316,38,Female,Htc Vive,28.49336865016499,8,1,Alto Riesgo
317,31,Other,Htc Vive,44.27517213380118,1,4,Bajo Riesgo
318,50,Female,Playstation Vr,52.9150771300714,1,2,Bajo Riesgo
319,20,Other,Oculus Rift,41.39791209475809,7,3,Alto Riesgo
320,25,Female,Htc Vive,45.32232954931562,5,4,Bajo Riesgo
321,25,Male,Playstation Vr,12.468253778625051,6,5,Alto Riesgo
322,24,Other,Oculus Rift,26.890696273873296,3,1,Bajo Riesgo
323,28,Female,Oculus Rift,39.133191551012814,10,2,Alto Riesgo
324,55,Female,Htc Vive,42.40765747279055,10,1,Alto Riesgo
325,31,Female,Playstation Vr,16.054033759227025,6,2,Alto Riesgo
326,47,Other,Oculus Rift,5.991537516239286,5,2,Bajo Riesgo
327,47,Male,Oculus Rift,53.93997048486796,2,1,Bajo Riesgo
328,34,Female,Playstation Vr,44.53550335857871,8,3,Alto Riesgo
329,35,Male,Htc Vive,41.85057664742197,7,5,Alto Riesgo
330,21,Other,Htc Vive,30.673299682189374,7,3,Alto Riesgo
331,38,Female,Oculus Rift,5.2037596464231495,7,1,Alto Riesgo
332,19,Female,Playstation Vr,47.81088016028836,3,4,Bajo Riesgo
333,33,Male,Oculus Rift,54.397616556459816,8,1,Alto Riesgo
334,21,Other,Oculus Rift,24.5468159947274,2,4,Bajo Riesgo
335,34,Other,Oculus Rift,59.10230825644275,10,2,Alto Riesgo
336,33,Male,Htc Vive,36.31931612006679,7,4,Alto Riesgo
337,35,Male,Oculus Rift,30.571581052423284,8,3,Alto Riesgo
338,28,Male,Htc Vive,39.65986004506149,6,3,Alto Riesgo
339,56,Other,Htc Vive,53.71562479663135,3,4,Bajo Riesgo
340,59,Male,Oculus Rift,51.28791536804561,7,2,Alto Riesgo
341,24,Male,Playstation Vr,42.22566106107188,2,3,Bajo Riesgo
342,49,Male,Oculus Rift,56.65839690194559,10,5,Alto Riesgo
343,18,Male,Playstation Vr,36.6168105133259,8,2,Alto Riesgo
344,46,Female,Htc Vive,13.794704970598463,4,2,Bajo Riesgo
345,41,Other,Oculus Rift,10.757991201232995,3,5,Bajo Riesgo
346,24,Male,Playstation Vr,27.64425584146729,7,4,Alto Riesgo
347,40,Male,Oculus Rift,11.583002823863684,7,1,Alto Riesgo
348,31,Male,Playstation Vr,18.38947454725629,1,2,Bajo Riesgo
349,22,Other,Oculus Rift,44.50964948342455,1,3,Bajo Riesgo
350,49,Female,Htc Vive,28.10560509620214,10,3,Alto Riesgo
351,20,Female,Playstation Vr,28.12306436847124,5,2,Bajo Riesgo
352,50,Other,Playstation Vr,35.404233055531854,10,4,Alto Riesgo
353,29,Male,Oculus Rift,31.4749538653062,5,4,Bajo Riesgo
354,53,Female,Oculus Rift,31.28611853037196,10,1,Alto Riesgo
355,18,Female,Oculus Rift,25.3460986947932,1,1,Bajo Riesgo
356,49,Other,Htc Vive,49.46415846084132,10,3,Alto Riesgo
357,50,Male,Playstation Vr,32.79333326725688,3,4,Bajo Riesgo
358,26,Male,Htc Vive,40.22589466259648,1,5,Bajo Riesgo
359,25,Other,Htc Vive,15.655624310449872,9,5,Alto Riesgo
360,23,Other,Htc Vive,28.298782960393165,6,3,Alto Riesgo
361,24,Female,Htc Vive,20.43509762688727,9,2,Alto Riesgo
362,40,Male,Htc Vive,17.96340375281855,1,3,Bajo Riesgo
363,30,Male,Playstation Vr,25.462767376471923,7,4,Alto Riesgo
364,28,Male,Playstation Vr,38.95967545750432,4,3,Bajo Riesgo
365,35,Male,Playstation Vr,51.14778727713122,1,5,Bajo Riesgo
366,27,Female,Oculus Rift,25.717475007051203,4,3,Bajo Riesgo
367,44,Other,Oculus Rift,52.83247275216572,2,5,Bajo Riesgo
368,26,Female,Htc Vive,26.889067494153824,8,5,Alto Riesgo
369,54,Male,Playstation Vr,21.013797744703744,5,4,Bajo Riesgo
370,58,Other,Playstation Vr,23.82493466864835,2,2,Bajo Riesgo
371,55,Other,Htc Vive,24.07057775894989,3,3,Bajo Riesgo
372,29,Male,Playstation Vr,12.250294672892547,4,2,Bajo Riesgo
373,51,Other,Htc Vive,18.603335954353955,8,5,Alto Riesgo
374,54,Female,Oculus Rift,19.098588090311985,4,3,Bajo Riesgo
375,44,Other,Playstation Vr,35.44942770107912,8,3,Alto Riesgo
376,37,Other,Oculus Rift,30.079172154613538,2,3,Bajo Riesgo
377,31,Male,Playstation Vr,7.382005076652272,2,5,Bajo Riesgo
378,44,Other,Htc Vive,10.606699539738877,3,2,Bajo Riesgo
379,26,Other,Oculus Rift,22.03510528592459,3,2,Bajo Riesgo
380,57,Female,Htc Vive,52.09396950779898,9,5,Alto Riesgo
381,30,Other,Htc Vive,48.531048558891406,9,1,Alto Riesgo
382,19,Male,Playstation Vr,6.03285795763747,8,2,Alto Riesgo
383,50,Other,Htc Vive,30.59824961798285,1,2,Bajo Riesgo
384,49,Other,Oculus Rift,30.994506510896617,1,2,Bajo Riesgo
385,56,Other,Oculus Rift,58.41477864427708,6,5,Alto Riesgo
386,39,Other,Oculus Rift,34.30984163056331,1,3,Bajo Riesgo
387,28,Other,Htc Vive,9.6185141455461,7,4,Alto Riesgo
388,19,Male,Playstation Vr,27.11501243027914,5,5,Bajo Riesgo
389,30,Female,Oculus Rift,15.6150262425325,6,3,Alto Riesgo
390,30,Other,Playstation Vr,11.731979546780693,9,2,Alto Riesgo
391,60,Male,Playstation Vr,49.65683177500063,8,3,Alto Riesgo
392,49,Other,Htc Vive,48.41229349515633,3,1,Bajo Riesgo
393,58,Other,Oculus Rift,9.23837399602298,5,4,Bajo Riesgo
394,39,Male,Htc Vive,54.23742526470158,5,4,Bajo Riesgo
395,36,Other,Htc Vive,21.35332723807066,5,2,Bajo Riesgo
396,52,Other,Playstation Vr,50.5884032008668,9,2,Alto Riesgo
397,18,Other,Oculus Rift,27.4604204581124,8,3,Alto Riesgo
398,42,Female,Htc Vive,50.5352761807604,3,3,Bajo Riesgo
399,54,Female,Playstation Vr,28.55663154128996,7,2,Alto Riesgo
400,33,Male,Playstation Vr,16.915628564222338,6,2,Alto Riesgo
401,40,Other,Playstation Vr,54.08714226835714,7,4,Alto Riesgo
402,51,Male,Playstation Vr,5.599194603946594,10,2,Alto Riesgo
403,31,Other,Oculus Rift,21.57543707848184,3,3,Bajo Riesgo
404,20,Female,Oculus Rift,17.418046716404387,5,2,Bajo Riesgo
405,33,Male,Oculus Rift,34.47676395299142,4,3,Bajo Riesgo
406,54,Male,Playstation Vr,35.31450833072365,7,4,Alto Riesgo
407,39,Female,Htc Vive,43.310377154873,6,5,Alto Riesgo
408,49,Male,Htc Vive,39.62869467354047,5,3,Bajo Riesgo
409,36,Other,Oculus Rift,59.54910536372816,1,5,Bajo Riesgo
410,41,Other,Htc Vive,23.11917123547272,9,1,Alto Riesgo
411,29,Female,Htc Vive,8.652689074149418,2,1,Bajo Riesgo
412,54,Male,Playstation Vr,37.2140508538257,6,3,Alto Riesgo
413,25,Other,Playstation Vr,50.71214203033938,8,2,Alto Riesgo
414,53,Male,Htc Vive,54.45543335070314,9,2,Alto Riesgo
415,35,Male,Htc Vive,14.677006821754311,10,5,Alto Riesgo
416,40,Female,Playstation Vr,58.208837229140194,2,4,Bajo Riesgo
417,32,Other,Htc Vive,24.66537869975883,10,5,Alto Riesgo
418,55,Other,Htc Vive,34.79766202564673,5,1,Bajo Riesgo
419,56,Female,Oculus Rift,42.22298288227114,3,1,Bajo Riesgo
420,24,Male,Playstation Vr,11.5696782989097,4,1,Bajo Riesgo
421,44,Female,Htc Vive,25.45788940730463,5,1,Bajo Riesgo
422,20,Other,Htc Vive,31.12501751187056,8,2,Alto Riesgo
423,51,Male,Htc Vive,41.77726992036168,1,1,Bajo Riesgo
424,41,Female,Oculus Rift,38.957796668000825,1,2,Bajo Riesgo
425,53,Female,Oculus Rift,52.57013786671364,10,1,Alto Riesgo
426,34,Female,Oculus Rift,26.75909436157671,6,3,Alto Riesgo
427,35,Other,Htc Vive,22.48545121381752,10,1,Alto Riesgo
428,38,Other,Oculus Rift,53.76641208658132,1,2,Bajo Riesgo
429,22,Male,Htc Vive,21.980430795697007,8,1,Alto Riesgo
430,29,Other,Oculus Rift,36.92280883905116,8,1,Alto Riesgo
431,31,Female,Htc Vive,45.62236639242961,4,2,Bajo Riesgo
432,60,Female,Htc Vive,43.50399477845866,7,5,Alto Riesgo
433,42,Male,Oculus Rift,50.99953501693101,4,1,Bajo Riesgo
434,60,Male,Oculus Rift,43.70206629382329,7,3,Alto Riesgo
435,34,Female,Oculus Rift,22.85257974855124,3,3,Bajo Riesgo
436,45,Other,Oculus Rift,33.117348645102915,7,4,Alto Riesgo
437,42,Other,Htc Vive,12.721418447688764,7,5,Alto Riesgo
438,39,Female,Playstation Vr,5.163764071327553,6,5,Alto Riesgo
439,38,Other,Htc Vive,36.95901871287748,9,1,Alto Riesgo
440,54,Female,Playstation Vr,14.252248277822114,7,1,Alto Riesgo
441,27,Other,Playstation Vr,39.42891374024925,1,3,Bajo Riesgo
442,48,Female,Playstation Vr,22.974552084961285,9,5,Alto Riesgo
443,20,Male,Htc Vive,23.915247923809456,9,5,Alto Riesgo
444,20,Male,Htc Vive,59.09698711460016,1,2,Bajo Riesgo
445,39,Female,Playstation Vr,58.32677262184461,1,5,Bajo Riesgo
446,50,Female,Htc Vive,26.44013879408086,1,5,Bajo Riesgo
447,25,Other,Playstation Vr,19.77392960978875,4,1,Bajo Riesgo
448,29,Other,Playstation Vr,12.046709693730026,3,5,Bajo Riesgo
449,28,Male,Oculus Rift,49.270601912367965,1,2,Bajo Riesgo
450,35,Other,Playstation Vr,52.24805924691774,7,2,Alto Riesgo
451,35,Male,Htc Vive,40.85256497671644,5,3,Bajo Riesgo
452,37,Male,Playstation Vr,7.135402444439338,10,4,Alto Riesgo
453,30,Male,Playstation Vr,15.69397129903291,4,4,Bajo Riesgo
454,52,Male,Oculus Rift,7.4134787510359645,5,4,Bajo Riesgo
455,57,Male,Oculus Rift,9.40275196855838,10,4,Alto Riesgo
456,36,Female,Playstation Vr,31.49293159635979,10,3,Alto Riesgo
457,25,Other,Oculus Rift,52.391374526938094,7,2,Alto Riesgo
458,20,Other,Playstation Vr,30.16553008146641,9,5,Alto Riesgo
459,32,Female,Htc Vive,30.649355976662413,2,4,Bajo Riesgo
460,47,Female,Playstation Vr,38.72097676150919,3,4,Bajo Riesgo
461,24,Male,Oculus Rift,37.43861458150593,6,2,Alto Riesgo
462,57,Other,Htc Vive,23.186908663945964,5,1,Bajo Riesgo
463,41,Male,Htc Vive,23.39790323794981,9,5,Alto Riesgo
464,24,Male,Htc Vive,57.86829032912571,6,5,Alto Riesgo
465,59,Female,Htc Vive,10.5508682413277,6,1,Alto Riesgo
466,32,Female,Htc Vive,52.68699306923651,3,1,Bajo Riesgo
467,43,Other,Oculus Rift,13.723242905562293,6,1,Alto Riesgo
468,18,Other,Playstation Vr,10.7066999348549,8,3,Alto Riesgo
469,31,Other,Playstation Vr,49.02935816297644,5,2,Bajo Riesgo
470,41,Other,Htc Vive,16.70995166973755,2,2,Bajo Riesgo
471,59,Other,Htc Vive,32.203875793182675,7,3,Alto Riesgo
472,42,Female,Oculus Rift,42.65577711053104,6,4,Alto Riesgo
473,38,Male,Htc Vive,32.40555285632888,5,5,Bajo Riesgo
474,29,Male,Htc Vive,15.801604628215328,4,4,Bajo Riesgo
475,50,Female,Oculus Rift,56.29719147467829,10,5,Alto Riesgo
476,60,Other,Playstation Vr,25.71561900141132,7,1,Alto Riesgo
477,38,Female,Oculus Rift,17.46751702187272,6,2,Alto Riesgo
478,57,Female,Playstation Vr,55.70901782367548,6,1,Alto Riesgo
479,52,Other,Playstation Vr,17.544149753643943,1,3,Bajo Riesgo
480,43,Female,Htc Vive,53.38971620816135,7,1,Alto Riesgo
481,37,Female,Oculus Rift,40.19700453089072,7,3,Alto Riesgo
482,38,Other,Oculus Rift,53.53020642868108,1,4,Bajo Riesgo
483,48,Other,Htc Vive,27.031310965366185,10,2,Alto Riesgo
484,53,Female,Oculus Rift,27.32032534892476,2,2,Bajo Riesgo
485,19,Female,Oculus Rift,7.747755780219066,4,3,Bajo Riesgo
486,29,Male,Htc Vive,29.373737193300336,9,2,Alto Riesgo
487,57,Other,Oculus Rift,33.15213038695089,4,3,Bajo Riesgo
488,22,Female,Playstation Vr,36.94278803013131,8,2,Alto Riesgo
489,50,Other,Oculus Rift,11.845012424976249,4,2,Bajo Riesgo
490,33,Other,Htc Vive,6.185179147892304,10,1,Alto Riesgo
491,38,Other,Oculus Rift,53.1764659050519,4,1,Bajo Riesgo
492,52,Male,Oculus Rift,58.95206972718624,6,3,Alto Riesgo
493,58,Other,Htc Vive,19.45696276898077,8,5,Alto Riesgo
494,49,Other,Playstation Vr,9.82879787759298,10,3,Alto Riesgo
495,28,Female,Oculus Rift,5.848917739651526,10,3,Alto Riesgo
496,54,Other,Htc Vive,34.24172378992135,3,5,Bajo Riesgo
497,58,Male,Htc Vive,34.201173620858874,2,4,Bajo Riesgo
498,60,Male,Htc Vive,55.78402961090519,1,2,Bajo Riesgo
499,42,Other,Oculus Rift,38.79869155912807,1,2,Bajo Riesgo
500,18,Male,Playstation Vr,57.23340399688119,6,3,Alto Riesgo
501,50,Other,Htc Vive,49.84369156088872,9,1,Alto Riesgo
502,50,Male,Playstation Vr,18.309111728315912,3,4,Bajo Riesgo
503,42,Female,Oculus Rift,10.50254743512492,7,3,Alto Riesgo
504,38,Other,Playstation Vr,48.50928108148384,2,1,Bajo Riesgo
505,25,Female,Oculus Rift,42.494988852772,3,1,Bajo Riesgo
506,38,Female,Htc Vive,43.60593115978239,6,5,Alto Riesgo
507,60,Female,Oculus Rift,36.68736971877725,6,1,Alto Riesgo
508,25,Female,Htc Vive,41.7465603014116,9,1,Alto Riesgo
509,27,Other,Playstation Vr,33.744792215534886,5,3,Bajo Riesgo
510,42,Male,Oculus Rift,16.05148589933894,9,3,Alto Riesgo
511,22,Male,Htc Vive,42.63718284311801,3,4,Bajo Riesgo
512,55,Female,Oculus Rift,57.706107306218094,9,2,Alto Riesgo
513,26,Male,Playstation Vr,44.66138527390799,5,1,Bajo Riesgo
514,32,Female,Oculus Rift,5.688446846537322,9,5,Alto Riesgo
515,60,Other,Oculus Rift,45.64963238011426,5,2,Bajo Riesgo
516,25,Female,Playstation Vr,45.60451442059673,1,1,Bajo Riesgo
517,34,Female,Playstation Vr,31.20112537801693,9,3,Alto Riesgo
518,52,Male,Htc Vive,28.047262005816645,2,5,Bajo Riesgo
519,44,Female,Htc Vive,11.9035718327202,1,4,Bajo Riesgo
520,32,Other,Playstation Vr,41.47201381552562,3,3,Bajo Riesgo
521,26,Other,Playstation Vr,23.97032549854138,9,1,Alto Riesgo
522,57,Male,Oculus Rift,10.501261437173406,4,1,Bajo Riesgo
523,37,Other,Playstation Vr,18.83239609777266,4,2,Bajo Riesgo
524,54,Female,Playstation Vr,50.75314894900495,7,5,Alto Riesgo
525,26,Male,Htc Vive,21.9653842733078,7,5,Alto Riesgo
526,33,Male,Htc Vive,35.454338159733766,8,2,Alto Riesgo
527,32,Female,Htc Vive,12.288126305696409,9,1,Alto Riesgo
528,44,Male,Htc Vive,36.5606921513842,10,1,Alto Riesgo
529,44,Female,Htc Vive,33.364638892868975,2,5,Bajo Riesgo
530,42,Other,Htc Vive,9.303148487334315,10,2,Alto Riesgo
531,29,Male,Playstation Vr,51.25875060566747,6,2,Alto Riesgo
532,30,Other,Htc Vive,30.494230305539787,9,3,Alto Riesgo
533,28,Male,Playstation Vr,12.684139504445838,2,1,Bajo Riesgo
534,49,Male,Htc Vive,24.60764013123212,10,3,Alto Riesgo
535,60,Other,Playstation Vr,22.416754663373982,8,1,Alto Riesgo
536,21,Male,Playstation Vr,8.504160590231482,10,1,Alto Riesgo
537,29,Male,Oculus Rift,34.98194639923249,6,4,Alto Riesgo
538,49,Male,Oculus Rift,27.80817256927725,7,5,Alto Riesgo
539,57,Female,Playstation Vr,18.73757153478873,3,1,Bajo Riesgo
540,43,Other,Oculus Rift,42.6273762261558,8,5,Alto Riesgo
541,28,Female,Playstation Vr,18.722275397387243,4,2,Bajo Riesgo
542,26,Male,Playstation Vr,34.75027787029785,8,5,Alto Riesgo
543,59,Male,Htc Vive,33.44925024129313,10,4,Alto Riesgo
544,58,Female,Playstation Vr,58.39915838299434,4,1,Bajo Riesgo
545,30,Female,Playstation Vr,53.36696271956143,2,4,Bajo Riesgo
546,53,Female,Htc Vive,47.664316000635246,5,5,Bajo Riesgo
547,28,Other,Playstation Vr,26.043711906704125,5,4,Bajo Riesgo
548,29,Other,Playstation Vr,44.80004888491524,6,4,Alto Riesgo
549,36,Other,Htc Vive,36.44100791913753,6,5,Alto Riesgo
550,58,Female,Htc Vive,37.88778605328071,10,1,Alto Riesgo
551,48,Other,Htc Vive,22.926541905531497,6,1,Alto Riesgo
552,19,Female,Htc Vive,34.692727597518214,3,3,Bajo Riesgo
553,23,Male,Oculus Rift,53.1982605367951,6,3,Alto Riesgo
554,44,Female,Playstation Vr,15.103032340615597,6,5,Alto Riesgo
555,48,Male,Htc Vive,38.49464822347085,9,3,Alto Riesgo
556,31,Male,Playstation Vr,36.83491229227046,3,5,Bajo Riesgo
557,31,Other,Playstation Vr,37.23665824110093,8,5,Alto Riesgo
558,55,Male,Playstation Vr,8.012024009042996,1,3,Bajo Riesgo
559,34,Male,Htc Vive,28.512030834747787,4,5,Bajo Riesgo
560,42,Female,Playstation Vr,30.579698026517484,8,1,Alto Riesgo
561,28,Male,Oculus Rift,16.04471979771308,8,4,Alto Riesgo
562,36,Female,Htc Vive,48.96573340894319,7,1,Alto Riesgo
563,48,Other,Htc Vive,16.974480917731398,5,5,Bajo Riesgo
564,40,Female,Playstation Vr,55.24360659786094,3,1,Bajo Riesgo
565,24,Female,Playstation Vr,21.689779833688213,10,4,Alto Riesgo
566,40,Female,Oculus Rift,46.59247069727773,3,2,Bajo Riesgo
567,25,Other,Playstation Vr,12.933831940238656,4,5,Bajo Riesgo
568,42,Female,Playstation Vr,34.55915136468116,6,1,Alto Riesgo
569,48,Other,Htc Vive,26.90285914694119,5,1,Bajo Riesgo
570,40,Male,Oculus Rift,17.149749012004854,6,3,Alto Riesgo
571,53,Female,Playstation Vr,46.75219748028837,8,4,Alto Riesgo
572,46,Female,Playstation Vr,39.10042755111779,6,1,Alto Riesgo
573,19,Other,Oculus Rift,17.47833781125081,8,2,Alto Riesgo
574,30,Male,Playstation Vr,44.10131762556916,4,2,Bajo Riesgo
575,51,Female,Oculus Rift,57.87344925243527,4,1,Bajo Riesgo
576,23,Other,Oculus Rift,16.502495916490048,3,3,Bajo Riesgo
577,55,Male,Playstation Vr,21.387211709492355,3,2,Bajo Riesgo
578,33,Male,Playstation Vr,10.216770340326796,2,5,Bajo Riesgo
579,55,Female,Oculus Rift,52.87449814878326,8,2,Alto Riesgo
580,30,Male,Oculus Rift,24.9125058092033,7,4,Alto Riesgo
581,51,Other,Htc Vive,54.01924096458123,10,1,Alto Riesgo
582,48,Male,Oculus Rift,55.937540899470726,8,4,Alto Riesgo
583,54,Male,Htc Vive,58.01025867986007,4,2,Bajo Riesgo
584,58,Female,Oculus Rift,54.28276718530552,1,2,Bajo Riesgo
585,39,Male,Playstation Vr,13.41887335574125,8,3,Alto Riesgo
586,41,Female,Htc Vive,6.962830052559451,1,2,Bajo Riesgo
587,39,Other,Playstation Vr,54.75156167225309,7,5,Alto Riesgo
588,46,Other,Htc Vive,34.12924163324023,6,3,Alto Riesgo
589,18,Female,Playstation Vr,25.16181411657121,1,3,Bajo Riesgo
590,27,Other,Oculus Rift,44.86705684730615,6,4,Alto Riesgo
591,36,Female,Htc Vive,24.392790648864608,5,4,Bajo Riesgo
592,19,Male,Playstation Vr,41.78188900565985,5,5,Bajo Riesgo
593,43,Male,Oculus Rift,35.187461340664825,6,1,Alto Riesgo
594,45,Other,Htc Vive,51.32976152033825,2,3,Bajo Riesgo
595,35,Female,Oculus Rift,42.60696320870584,7,3,Alto Riesgo
596,20,Other,Htc Vive,11.745599606089506,2,2,Bajo Riesgo
597,60,Female,Playstation Vr,41.39187594766449,2,3,Bajo Riesgo
598,57,Other,Htc Vive,48.85952836414941,8,4,Alto Riesgo
599,52,Male,Oculus Rift,33.35019490492515,8,2,Alto Riesgo
600,45,Female,Htc Vive,23.069034792614797,10,4,Alto Riesgo
601,41,Male,Oculus Rift,8.044430774492342,2,4,Bajo Riesgo
602,35,Male,Playstation Vr,48.72427132868937,3,4,Bajo Riesgo
603,32,Female,Htc Vive,46.04617694006525,2,3,Bajo Riesgo
604,33,Other,Oculus Rift,54.32484720978879,7,3,Alto Riesgo
605,34,Female,Playstation Vr,33.02848280763308,4,5,Bajo Riesgo
606,50,Other,Oculus Rift,26.546275202960697,1,3,Bajo Riesgo
607,49,Male,Htc Vive,48.53555230151351,2,5,Bajo Riesgo
608,33,Female,Htc Vive,10.263674320455564,6,2,Alto Riesgo
609,45,Female,Playstation Vr,42.483001945135946,1,3,Bajo Riesgo
610,36,Female,Htc Vive,41.73645312653856,5,3,Bajo Riesgo
611,59,Female,Htc Vive,32.56129734385547,6,2,Alto Riesgo
612,51,Other,Playstation Vr,10.618921132805315,5,5,Bajo Riesgo
613,40,Female,Htc Vive,37.0421604518534,10,5,Alto Riesgo
614,41,Male,Oculus Rift,51.55302668368741,2,5,Bajo Riesgo
615,32,Male,Htc Vive,42.410656566429125,1,2,Bajo Riesgo
616,47,Male,Htc Vive,57.73263640270221,3,3,Bajo Riesgo
617,18,Male,Oculus Rift,55.58435719197885,6,4,Alto Riesgo
618,32,Female,Playstation Vr,21.124869848245464,3,5,Bajo Riesgo
619,38,Female,Htc Vive,41.70899276765398,2,3,Bajo Riesgo
620,59,Female,Htc Vive,30.55975163736096,4,5,Bajo Riesgo
621,28,Female,Oculus Rift,36.22880345076784,5,4,Bajo Riesgo
622,46,Male,Oculus Rift,42.11852585802312,1,1,Bajo Riesgo
623,18,Male,Playstation Vr,58.33148979764022,7,3,Alto Riesgo
624,45,Other,Oculus Rift,52.30967111610265,5,2,Bajo Riesgo
625,30,Male,Oculus Rift,22.830760220530625,5,1,Bajo Riesgo
626,32,Female,Htc Vive,28.428542022365,4,4,Bajo Riesgo
627,36,Other,Htc Vive,47.01598919858073,9,3,Alto Riesgo
628,28,Female,Playstation Vr,8.493372830193099,2,2,Bajo Riesgo
629,58,Female,Htc Vive,39.64317589944204,1,3,Bajo Riesgo
630,37,Male,Oculus Rift,34.18610776249563,7,4,Alto Riesgo
631,40,Female,Oculus Rift,56.380501753063584,4,5,Bajo Riesgo
632,29,Female,Htc Vive,27.62981512433108,6,3,Alto Riesgo
633,52,Other,Playstation Vr,16.463022606327808,1,1,Bajo Riesgo
634,52,Female,Oculus Rift,57.32490631004018,6,3,Alto Riesgo
635,23,Female,Htc Vive,39.20571936527118,7,5,Alto Riesgo
636,29,Female,Oculus Rift,25.124815078136884,2,5,Bajo Riesgo
637,34,Other,Oculus Rift,38.57336750555505,10,1,Alto Riesgo
638,56,Male,Oculus Rift,51.55099937858569,2,4,Bajo Riesgo
639,58,Other,Playstation Vr,43.48443861208782,3,2,Bajo Riesgo
640,31,Female,Playstation Vr,28.105117843373765,7,5,Alto Riesgo
641,40,Other,Htc Vive,59.8576159142642,8,5,Alto Riesgo
642,19,Male,Playstation Vr,5.219837804099125,7,5,Alto Riesgo
643,35,Male,Oculus Rift,16.050282981394346,10,4,Alto Riesgo
644,51,Female,Oculus Rift,42.90214638775936,2,4,Bajo Riesgo
645,21,Male,Oculus Rift,9.140250295862256,10,5,Alto Riesgo
646,44,Other,Oculus Rift,19.69929837574285,3,4,Bajo Riesgo
647,54,Other,Oculus Rift,44.89274006361748,1,5,Bajo Riesgo
648,27,Other,Oculus Rift,38.04413203148387,2,5,Bajo Riesgo
649,52,Female,Htc Vive,35.6094001573879,1,4,Bajo Riesgo
650,27,Female,Oculus Rift,55.931956960060624,2,2,Bajo Riesgo
651,42,Other,Playstation Vr,37.03047060631263,10,2,Alto Riesgo
652,31,Male,Oculus Rift,6.479924880620631,7,5,Alto Riesgo
653,53,Male,Playstation Vr,21.22307998211628,3,2,Bajo Riesgo
654,24,Male,Oculus Rift,24.666719953301453,5,3,Bajo Riesgo
655,50,Male,Oculus Rift,50.27259281347032,9,1,Alto Riesgo
656,53,Male,Oculus Rift,49.10237486164205,3,4,Bajo Riesgo
657,27,Other,Playstation Vr,45.00657113813336,10,1,Alto Riesgo
658,48,Other,Oculus Rift,10.546970174967347,3,3,Bajo Riesgo
659,53,Other,Htc Vive,17.7474608383596,1,5,Bajo Riesgo
660,48,Other,Htc Vive,44.41986249545169,4,2,Bajo Riesgo
661,46,Female,Htc Vive,53.64220141888208,7,3,Alto Riesgo
662,22,Other,Playstation Vr,30.342995245186867,1,5,Bajo Riesgo
663,26,Male,Htc Vive,25.23905541683094,2,2,Bajo Riesgo
664,32,Female,Htc Vive,18.03083386937801,5,3,Bajo Riesgo
665,58,Female,Htc Vive,37.37858302476261,6,4,Alto Riesgo
666,37,Male,Oculus Rift,55.36905244864578,6,3,Alto Riesgo
667,29,Other,Oculus Rift,31.981222915525336,3,2,Bajo Riesgo
668,44,Male,Playstation Vr,19.817688967090334,8,5,Alto Riesgo
669,55,Male,Htc Vive,23.066119539392965,3,5,Bajo Riesgo
670,25,Female,Htc Vive,6.081832677450166,7,5,Alto Riesgo
671,50,Other,Playstation Vr,11.239483065409884,2,1,Bajo Riesgo
672,24,Female,Htc Vive,12.64625436450254,6,3,Alto Riesgo
673,58,Female,Oculus Rift,13.39727975985056,1,1,Bajo Riesgo
674,25,Male,Playstation Vr,23.7218184095795,7,3,Alto Riesgo
675,58,Male,Oculus Rift,26.95120548280868,2,3,Bajo Riesgo
676,29,Female,Htc Vive,59.71952888283962,1,4,Bajo Riesgo
677,41,Female,Oculus Rift,45.40793779761309,2,3,Bajo Riesgo
678,30,Male,Playstation Vr,15.013686975657151,1,2,Bajo Riesgo
679,32,Male,Playstation Vr,25.466003708578064,2,2,Bajo Riesgo
680,49,Other,Htc Vive,46.87419751347634,7,4,Alto Riesgo
681,39,Male,Oculus Rift,11.899401553863292,2,2,Bajo Riesgo
682,27,Other,Oculus Rift,47.655706119989205,3,4,Bajo Riesgo
683,28,Male,Oculus Rift,26.629400687005727,7,2,Alto Riesgo
684,33,Other,Playstation Vr,46.82179978861591,10,5,Alto Riesgo
685,37,Female,Playstation Vr,18.14745800598988,4,3,Bajo Riesgo
686,37,Female,Htc Vive,31.536595765716683,1,4,Bajo Riesgo
687,23,Female,Htc Vive,45.93119525871663,10,1,Alto Riesgo
688,54,Female,Oculus Rift,9.019456836958955,9,2,Alto Riesgo
689,23,Female,Htc Vive,5.039438805707397,5,4,Bajo Riesgo
690,45,Male,Htc Vive,14.489483841484263,8,4,Alto Riesgo
691,54,Other,Playstation Vr,21.874338608764496,5,5,Bajo Riesgo
692,46,Female,Htc Vive,36.48275067208276,5,1,Bajo Riesgo
693,30,Male,Htc Vive,6.7836922222787965,4,5,Bajo Riesgo
694,49,Male,Oculus Rift,36.20929133159622,3,5,Bajo Riesgo
695,50,Male,Htc Vive,13.056103170747452,9,2,Alto Riesgo
696,47,Female,Htc Vive,27.91076449515181,10,2,Alto Riesgo
697,57,Female,Htc Vive,15.847323967748808,4,3,Bajo Riesgo
698,37,Male,Htc Vive,25.19058919950361,5,3,Bajo Riesgo
699,23,Male,Oculus Rift,56.427294219676725,8,3,Alto Riesgo
700,50,Male,Oculus Rift,34.902477754337866,6,4,Alto Riesgo
701,43,Female,Htc Vive,6.4094825595580005,7,4,Alto Riesgo
702,45,Other,Playstation Vr,11.706533158236574,5,1,Bajo Riesgo
703,49,Male,Htc Vive,16.798521094778177,8,4,Alto Riesgo
704,45,Male,Oculus Rift,24.624543808207555,1,2,Bajo Riesgo
705,21,Male,Playstation Vr,16.32199422803552,10,1,Alto Riesgo
706,50,Other,Playstation Vr,35.12844489277899,9,4,Alto Riesgo
707,38,Male,Oculus Rift,36.35503864867013,6,3,Alto Riesgo
708,55,Other,Playstation Vr,38.89841047963253,9,4,Alto Riesgo
709,54,Female,Oculus Rift,29.170732501347214,7,1,Alto Riesgo
710,51,Female,Oculus Rift,26.365841093134485,2,5,Bajo Riesgo
711,49,Female,Htc Vive,45.197202896537846,4,4,Bajo Riesgo
712,38,Female,Playstation Vr,39.38433531605615,6,1,Alto Riesgo
713,40,Male,Oculus Rift,11.585627769049822,6,4,Alto Riesgo
714,44,Female,Playstation Vr,5.737699957485518,3,1,Bajo Riesgo
715,24,Male,Htc Vive,54.2109754934813,2,4,Bajo Riesgo
716,59,Female,Htc Vive,12.7516099355708,3,1,Bajo Riesgo
717,25,Other,Oculus Rift,53.03225833613758,7,5,Alto Riesgo
718,18,Female,Playstation Vr,26.34236175179001,10,4,Alto Riesgo
719,29,Male,Oculus Rift,5.095207217475991,7,1,Alto Riesgo
720,60,Female,Htc Vive,38.59325931148134,2,2,Bajo Riesgo
721,29,Female,Oculus Rift,29.439462062378677,9,3,Alto Riesgo
722,49,Male,Oculus Rift,52.80794780457271,2,1,Bajo Riesgo
723,35,Male,Htc Vive,50.31099964377242,3,1,Bajo Riesgo
724,39,Male,Htc Vive,23.54462436907469,6,1,Alto Riesgo
725,53,Other,Playstation Vr,38.19319332508849,6,5,Alto Riesgo
726,19,Female,Htc Vive,20.274322373201933,3,3,Bajo Riesgo
727,32,Male,Oculus Rift,30.9495916299999,7,4,Alto Riesgo
728,38,Female,Oculus Rift,11.487553848136937,2,2,Bajo Riesgo
729,28,Other,Oculus Rift,9.242199798941956,1,1,Bajo Riesgo
730,50,Other,Htc Vive,34.666029342681654,9,2,Alto Riesgo
731,49,Male,Htc Vive,30.724285115663864,3,3,Bajo Riesgo
732,53,Male,Oculus Rift,22.71738012559056,5,1,Bajo Riesgo
733,52,Other,Playstation Vr,47.88163974954135,9,3,Alto Riesgo
734,33,Other,Htc Vive,31.26440053317776,2,5,Bajo Riesgo
735,48,Other,Oculus Rift,14.756046591666488,7,3,Alto Riesgo
736,42,Female,Playstation Vr,38.40969858667232,3,5,Bajo Riesgo
737,45,Male,Oculus Rift,54.81618349561653,8,1,Alto Riesgo
738,31,Other,Oculus Rift,16.71759455795796,1,1,Bajo Riesgo
739,24,Other,Htc Vive,46.43066543496385,3,4,Bajo Riesgo
740,47,Male,Playstation Vr,31.09683909291928,5,4,Bajo Riesgo
741,58,Male,Playstation Vr,16.051044829860125,10,5,Alto Riesgo
742,28,Other,Oculus Rift,28.903363062636732,2,3,Bajo Riesgo
743,55,Male,Playstation Vr,14.938695868253593,10,2,Alto Riesgo
744,58,Female,Playstation Vr,25.47547637783905,3,4,Bajo Riesgo
745,23,Female,Oculus Rift,56.467013884760526,3,3,Bajo Riesgo
746,59,Other,Oculus Rift,50.28114703846324,2,1,Bajo Riesgo
747,36,Female,Htc Vive,31.672668345910576,2,3,Bajo Riesgo
748,48,Other,Playstation Vr,43.75489463288841,3,1,Bajo Riesgo
749,60,Male,Htc Vive,25.54964062363318,8,4,Alto Riesgo
750,43,Other,Htc Vive,10.654559468172042,1,1,Bajo Riesgo
751,44,Other,Playstation Vr,48.69645073835462,9,3,Alto Riesgo
752,31,Male,Playstation Vr,44.91494892982531,5,1,Bajo Riesgo
753,37,Male,Htc Vive,34.62324038965988,9,5,Alto Riesgo
754,23,Other,Htc Vive,33.643709090067986,2,5,Bajo Riesgo
755,59,Other,Oculus Rift,15.535579923929165,2,4,Bajo Riesgo
756,55,Male,Oculus Rift,47.62816329505712,1,4,Bajo Riesgo
757,51,Other,Oculus Rift,51.585540446410384,1,5,Bajo Riesgo
758,19,Other,Playstation Vr,34.319272750062225,9,4,Alto Riesgo
759,39,Other,Htc Vive,54.45520146139425,8,1,Alto Riesgo
760,32,Female,Htc Vive,54.69087972402883,7,3,Alto Riesgo
761,47,Male,Oculus Rift,25.80727162646147,8,2,Alto Riesgo
762,53,Other,Playstation Vr,8.945796841032756,1,1,Bajo Riesgo
763,59,Male,Oculus Rift,11.959517211960913,7,4,Alto Riesgo
764,36,Female,Htc Vive,18.25054174947629,7,4,Alto Riesgo
765,28,Male,Htc Vive,26.85863482373408,10,1,Alto Riesgo
766,52,Male,Htc Vive,54.64953293927952,10,5,Alto Riesgo
767,42,Female,Oculus Rift,13.804643256546468,10,2,Alto Riesgo
768,50,Male,Oculus Rift,55.80935462576278,8,2,Alto Riesgo
769,23,Male,Htc Vive,35.16299024845792,1,4,Bajo Riesgo
770,50,Other,Oculus Rift,47.90829753859212,9,4,Alto Riesgo
771,33,Other,Oculus Rift,16.75875686163608,1,2,Bajo Riesgo
772,29,Male,Playstation Vr,54.05114151100388,4,4,Bajo Riesgo
773,46,Male,Htc Vive,37.21547102544684,1,2,Bajo Riesgo
774,31,Female,Htc Vive,54.21627997347428,6,3,Alto Riesgo
775,33,Female,Htc Vive,5.865298057855172,2,1,Bajo Riesgo
776,23,Male,Oculus Rift,10.16757402590374,3,1,Bajo Riesgo
777,38,Male,Htc Vive,27.78412253115925,5,4,Bajo Riesgo
778,60,Other,Htc Vive,54.03412166089942,2,4,Bajo Riesgo
779,30,Female,Playstation Vr,28.98755114691092,7,1,Alto Riesgo
780,47,Other,Playstation Vr,30.84382447680933,7,4,Alto Riesgo
781,49,Other,Playstation Vr,38.73799515838349,6,5,Alto Riesgo
782,42,Other,Oculus Rift,14.81768442312478,9,4,Alto Riesgo
783,57,Female,Oculus Rift,32.48138297083446,1,5,Bajo Riesgo
784,23,Male,Htc Vive,43.871396451895,7,5,Alto Riesgo
785,46,Other,Playstation Vr,26.69763090954978,4,2,Bajo Riesgo
786,26,Female,Playstation Vr,16.27220908891317,2,5,Bajo Riesgo
787,38,Male,Playstation Vr,55.872436102094966,9,4,Alto Riesgo
788,53,Male,Htc Vive,42.25958023806289,2,5,Bajo Riesgo
789,39,Male,Htc Vive,42.06610899468763,2,2,Bajo Riesgo
790,47,Female,Oculus Rift,42.108723155036586,5,4,Bajo Riesgo
791,32,Male,Htc Vive,57.20290216977595,5,4,Bajo Riesgo
792,19,Other,Htc Vive,52.61699853241235,6,5,Alto Riesgo
793,52,Male,Playstation Vr,28.81920561511765,5,4,Bajo Riesgo
794,22,Male,Oculus Rift,12.011667928116626,10,4,Alto Riesgo
795,47,Male,Oculus Rift,9.58869266039084,8,4,Alto Riesgo
796,49,Other,Oculus Rift,27.631697675729928,1,1,Bajo Riesgo
797,54,Male,Oculus Rift,41.57645098973581,5,3,Bajo Riesgo
798,33,Female,Oculus Rift,11.353006273508644,1,2,Bajo Riesgo
799,48,Other,Playstation Vr,14.959431882035116,4,3,Bajo Riesgo
800,37,Male,Playstation Vr,31.07831721468736,1,5,Bajo Riesgo
801,54,Female,Playstation Vr,38.38103717890463,6,2,Alto Riesgo
802,60,Other,Playstation Vr,10.058561519332027,8,1,Alto Riesgo
803,28,Male,Oculus Rift,44.77257086554777,8,4,Alto Riesgo
804,51,Other,Playstation Vr,44.95491941233537,4,4,Bajo Riesgo
805,53,Female,Oculus Rift,15.814265692749164,7,5,Alto Riesgo
806,30,Male,Oculus Rift,29.121368227992622,10,1,Alto Riesgo
807,49,Other,Htc Vive,37.01234013496662,10,2,Alto Riesgo
808,38,Other,Htc Vive,45.92049699934571,2,3,Bajo Riesgo
809,45,Other,Oculus Rift,59.773383346392855,7,3,Alto Riesgo
810,53,Male,Htc Vive,18.23882186238188,6,4,Alto Riesgo
811,28,Male,Htc Vive,41.20527161035817,1,3,Bajo Riesgo
812,37,Other,Playstation Vr,32.27943925397009,8,2,Alto Riesgo
813,23,Other,Playstation Vr,5.892418424638253,8,2,Alto Riesgo
814,53,Other,Htc Vive,15.143709988437523,9,2,Alto Riesgo
815,28,Male,Oculus Rift,51.10268891925804,7,5,Alto Riesgo
816,28,Other,Htc Vive,6.2570149622496976,2,3,Bajo Riesgo
817,31,Male,Playstation Vr,6.365491875051955,7,2,Alto Riesgo
818,43,Male,Htc Vive,31.35351416365528,3,3,Bajo Riesgo
819,46,Female,Oculus Rift,39.760231559369146,6,5,Alto Riesgo
820,49,Other,Htc Vive,43.37997566894754,3,5,Bajo Riesgo
821,20,Female,Playstation Vr,13.87761533202448,10,2,Alto Riesgo
822,24,Male,Htc Vive,57.17591969561968,2,1,Bajo Riesgo
823,35,Other,Playstation Vr,41.84235598123596,9,2,Alto Riesgo
824,55,Male,Oculus Rift,12.460526535599184,7,1,Alto Riesgo
825,32,Female,Htc Vive,53.15347552600433,4,5,Bajo Riesgo
826,26,Other,Playstation Vr,21.57834612169537,3,1,Bajo Riesgo
827,52,Male,Htc Vive,33.76357883903627,8,5,Alto Riesgo
828,40,Female,Playstation Vr,58.61393691137707,7,5,Alto Riesgo
829,26,Male,Oculus Rift,9.838312703680236,4,1,Bajo Riesgo
830,22,Other,Htc Vive,19.644701499358117,8,5,Alto Riesgo
831,28,Male,Playstation Vr,11.101424867685653,2,1,Bajo Riesgo
832,53,Male,Htc Vive,42.7068130072653,6,1,Alto Riesgo
833,55,Male,Htc Vive,56.17197529111933,7,4,Alto Riesgo
834,39,Female,Playstation Vr,9.934888667595402,5,1,Bajo Riesgo
835,43,Male,Playstation Vr,12.674107060433776,8,2,Alto Riesgo
836,54,Female,Playstation Vr,33.110432070709464,6,5,Alto Riesgo
837,29,Other,Playstation Vr,7.658293213550948,6,5,Alto Riesgo
838,24,Male,Htc Vive,42.09664646437699,2,4,Bajo Riesgo
839,40,Female,Playstation Vr,30.12797421766197,8,2,Alto Riesgo
840,35,Female,Playstation Vr,30.930549393067828,5,4,Bajo Riesgo
841,40,Female,Playstation Vr,51.51402965173083,6,2,Alto Riesgo
842,38,Female,Playstation Vr,19.45548344217753,6,1,Alto Riesgo
843,33,Female,Playstation Vr,27.58147026975813,4,5,Bajo Riesgo
844,26,Female,Playstation Vr,58.05334619608593,5,2,Bajo Riesgo
845,33,Female,Oculus Rift,37.78776335484497,10,4,Alto Riesgo
846,22,Male,Playstation Vr,6.76649243564666,6,3,Alto Riesgo
847,48,Male,Htc Vive,23.095198269361227,7,4,Alto Riesgo
848,45,Female,Oculus Rift,8.505194659407456,5,5,Bajo Riesgo
849,25,Female,Htc Vive,49.48069840999216,2,4,Bajo Riesgo
850,59,Other,Oculus Rift,46.1634386876697,9,1,Alto Riesgo
851,55,Male,Oculus Rift,9.855320378642702,6,1,Alto Riesgo
852,21,Other,Playstation Vr,50.33517167298101,9,4,Alto Riesgo
853,49,Female,Oculus Rift,29.95667666924994,7,2,Alto Riesgo
854,54,Other,Oculus Rift,54.64646665915903,5,5,Bajo Riesgo
855,37,Female,Playstation Vr,12.15971193674633,3,4,Bajo Riesgo
856,30,Female,Playstation Vr,50.34654297290388,5,3,Bajo Riesgo
857,26,Male,Htc Vive,8.613690613925261,7,1,Alto Riesgo
858,21,Female,Playstation Vr,41.15652513252572,10,5,Alto Riesgo
859,38,Male,Oculus Rift,28.644257237589464,10,3,Alto Riesgo
860,27,Female,Playstation Vr,6.64642380053442,1,4,Bajo Riesgo
861,19,Other,Playstation Vr,36.0788813529565,5,2,Bajo Riesgo
862,57,Other,Oculus Rift,6.131606262057487,5,3,Bajo Riesgo
863,30,Male,Oculus Rift,35.860894900942895,3,1,Bajo Riesgo
864,37,Male,Htc Vive,9.293954288307845,3,4,Bajo Riesgo
865,26,Other,Htc Vive,47.592243946077055,9,5,Alto Riesgo
866,53,Female,Playstation Vr,42.611405713884274,2,4,Bajo Riesgo
867,39,Female,Oculus Rift,42.27400867572828,9,2,Alto Riesgo
868,21,Other,Oculus Rift,53.44002976188403,7,4,Alto Riesgo
869,50,Female,Playstation Vr,57.409111032425926,1,3,Bajo Riesgo
870,51,Male,Oculus Rift,43.93781283336041,5,5,Bajo Riesgo
871,45,Other,Htc Vive,9.39048775700474,8,2,Alto Riesgo
872,57,Other,Playstation Vr,8.831795224690993,3,5,Bajo Riesgo
873,22,Female,Oculus Rift,58.92898362914252,3,5,Bajo Riesgo
874,59,Other,Htc Vive,53.211507380632376,9,1,Alto Riesgo
875,31,Female,Htc Vive,38.2832203869517,1,3,Bajo Riesgo
876,19,Other,Htc Vive,31.44211636797392,1,2,Bajo Riesgo
877,35,Other,Htc Vive,47.28440448467602,9,5,Alto Riesgo
878,50,Male,Oculus Rift,52.35743980503398,7,4,Alto Riesgo
879,40,Male,Oculus Rift,30.19667267254472,3,4,Bajo Riesgo
880,44,Other,Oculus Rift,31.714694809395134,2,4,Bajo Riesgo
881,43,Other,Playstation Vr,5.523328155104489,5,1,Bajo Riesgo
882,53,Other,Oculus Rift,14.877004217452413,4,5,Bajo Riesgo
883,27,Other,Htc Vive,37.575292192128266,9,2,Alto Riesgo
884,53,Other,Playstation Vr,52.732601347152894,2,5,Bajo Riesgo
885,48,Female,Oculus Rift,41.5121867144163,3,3,Bajo Riesgo
886,44,Other,Playstation Vr,56.697249463468125,9,5,Alto Riesgo
887,28,Female,Oculus Rift,37.983926143207846,6,3,Alto Riesgo
888,19,Other,Playstation Vr,17.966732876411093,8,1,Alto Riesgo
889,33,Male,Htc Vive,13.499387458126936,2,2,Bajo Riesgo
890,36,Other,Htc Vive,40.95316787506598,8,1,Alto Riesgo
891,22,Other,Htc Vive,18.301404193181117,9,2,Alto Riesgo
892,57,Male,Oculus Rift,29.22280857639213,1,2,Bajo Riesgo
893,60,Female,Oculus Rift,29.72247662666697,4,3,Bajo Riesgo
894,38,Female,Playstation Vr,26.459488134065936,10,4,Alto Riesgo
895,23,Male,Htc Vive,49.00393251902323,2,4,Bajo Riesgo
896,36,Other,Playstation Vr,10.45110808208452,1,3,Bajo Riesgo
897,45,Male,Playstation Vr,55.19901652270455,6,2,Alto Riesgo
898,34,Male,Oculus Rift,13.43143335474774,5,3,Bajo Riesgo
899,49,Male,Playstation Vr,46.35086996817831,7,2,Alto Riesgo
900,50,Female,Oculus Rift,46.61755802709512,9,5,Alto Riesgo
901,50,Other,Playstation Vr,11.796402001564031,6,3,Alto Riesgo
902,42,Male,Playstation Vr,51.76165915207558,5,2,Bajo Riesgo
903,30,Other,Oculus Rift,48.19255093882354,8,3,Alto Riesgo
904,46,Male,Oculus Rift,32.986572072784774,6,2,Alto Riesgo
905,48,Other,Oculus Rift,29.87831887146513,1,3,Bajo Riesgo
906,24,Male,Playstation Vr,28.10443296970988,2,3,Bajo Riesgo
907,58,Other,Playstation Vr,58.342074419165264,9,4,Alto Riesgo
908,31,Other,Playstation Vr,41.431063772155184,1,2,Bajo Riesgo
909,27,Other,Playstation Vr,46.2612761376425,6,3,Alto Riesgo
910,30,Other,Playstation Vr,53.94640157361121,9,4,Alto Riesgo
911,41,Other,Oculus Rift,30.75902215643183,4,1,Bajo Riesgo
912,45,Male,Oculus Rift,24.34544522388505,4,4,Bajo Riesgo
913,38,Male,Playstation Vr,16.533665387405787,6,4,Alto Riesgo
914,42,Other,Htc Vive,51.89897647514323,6,4,Alto Riesgo
915,41,Male,Htc Vive,13.947275571793067,10,2,Alto Riesgo
916,41,Female,Oculus Rift,37.63148949365705,8,1,Alto Riesgo
917,39,Other,Htc Vive,40.95586649364776,10,2,Alto Riesgo
918,20,Male,Htc Vive,44.67839570625579,3,1,Bajo Riesgo
919,18,Female,Oculus Rift,59.98372315684714,6,5,Alto Riesgo
920,20,Female,Playstation Vr,11.525964687100595,3,2,Bajo Riesgo
921,40,Male,Oculus Rift,29.05810966443277,5,2,Bajo Riesgo
922,20,Female,Htc Vive,54.02594759623261,8,2,Alto Riesgo
923,25,Female,Htc Vive,53.73668494367946,3,1,Bajo Riesgo
924,39,Male,Oculus Rift,51.71214854058499,10,3,Alto Riesgo
925,47,Other,Playstation Vr,51.73529881029173,6,3,Alto Riesgo
926,34,Female,Playstation Vr,55.5530243214555,5,3,Bajo Riesgo
927,44,Male,Oculus Rift,6.803921532615957,3,4,Bajo Riesgo
928,57,Male,Oculus Rift,35.53080384276458,8,4,Alto Riesgo
929,29,Female,Oculus Rift,38.061565393137016,1,2,Bajo Riesgo
930,44,Other,Htc Vive,52.63597134096303,10,2,Alto Riesgo
931,39,Other,Htc Vive,7.346031633503861,8,4,Alto Riesgo
932,58,Other,Oculus Rift,49.91761110653275,5,1,Bajo Riesgo
933,32,Other,Playstation Vr,17.07993037835969,8,1,Alto Riesgo
934,31,Male,Playstation Vr,37.25407385485848,10,2,Alto Riesgo
935,38,Other,Htc Vive,22.81046542054064,3,2,Bajo Riesgo
936,27,Other,Oculus Rift,28.6783836511968,7,5,Alto Riesgo
937,59,Other,Htc Vive,48.22166527625436,9,2,Alto Riesgo
938,56,Male,Oculus Rift,12.153801867179176,10,3,Alto Riesgo
939,29,Other,Htc Vive,29.039384843423324,5,3,Bajo Riesgo
940,31,Female,Playstation Vr,34.25229952154068,6,5,Alto Riesgo
941,33,Other,Oculus Rift,35.95551372412183,3,2,Bajo Riesgo
942,36,Female,Oculus Rift,11.180116191478,3,4,Bajo Riesgo
943,52,Other,Playstation Vr,27.372853790717464,1,3,Bajo Riesgo
944,24,Male,Playstation Vr,15.605029429917511,3,3,Bajo Riesgo
945,46,Male,Playstation Vr,8.293704646828658,1,2,Bajo Riesgo
946,34,Other,Playstation Vr,31.559834806429524,5,4,Bajo Riesgo
947,45,Female,Oculus Rift,28.434502205395997,7,2,Alto Riesgo
948,60,Other,Htc Vive,39.26133437914534,7,4,Alto Riesgo
949,25,Female,Htc Vive,41.91381775856615,8,5,Alto Riesgo
950,28,Other,Oculus Rift,16.217646493937984,5,4,Bajo Riesgo
951,42,Male,Htc Vive,9.511989949660697,10,1,Alto Riesgo
952,48,Male,Playstation Vr,27.423726804216574,7,4,Alto Riesgo
953,23,Female,Oculus Rift,30.832381306554456,10,4,Alto Riesgo
954,25,Female,Playstation Vr,35.420941579171874,9,4,Alto Riesgo
955,27,Male,Htc Vive,58.94651350294709,6,4,Alto Riesgo
956,39,Male,Htc Vive,53.99327447160268,9,4,Alto Riesgo
957,60,Other,Htc Vive,23.753867259642327,2,4,Bajo Riesgo
958,23,Female,Htc Vive,20.34130558003552,7,3,Alto Riesgo
959,28,Other,Oculus Rift,23.48229138949994,10,4,Alto Riesgo
960,58,Female,Playstation Vr,12.67175978071014,8,1,Alto Riesgo
961,34,Male,Htc Vive,45.64198795221255,3,3,Bajo Riesgo
962,35,Other,Oculus Rift,58.54076411338273,5,5,Bajo Riesgo
963,53,Other,Oculus Rift,53.25425554298267,10,3,Alto Riesgo
964,42,Female,Playstation Vr,19.29838382279861,6,3,Alto Riesgo
965,46,Male,Htc Vive,23.259075007733955,7,1,Alto Riesgo
966,44,Other,Oculus Rift,25.520362732838567,7,1,Alto Riesgo
967,58,Male,Playstation Vr,11.727410089178726,8,2,Alto Riesgo
968,60,Female,Playstation Vr,20.496223087001,3,2,Bajo Riesgo
969,27,Other,Htc Vive,45.77294171798507,5,2,Bajo Riesgo
970,55,Male,Playstation Vr,43.70629605070933,10,3,Alto Riesgo
971,50,Female,Playstation Vr,42.90628288847849,7,2,Alto Riesgo
972,52,Other,Htc Vive,16.986300643468894,3,3,Bajo Riesgo
973,54,Other,Oculus Rift,54.62019977792956,6,2,Alto Riesgo
974,27,Female,Playstation Vr,29.176282519619217,6,4,Alto Riesgo
975,35,Female,Oculus Rift,8.13473459034682,7,2,Alto Riesgo
976,56,Other,Oculus Rift,29.488855735415477,8,5,Alto Riesgo
977,60,Other,Playstation Vr,11.362185441139014,4,5,Bajo Riesgo
978,31,Other,Oculus Rift,11.65504360235492,6,4,Alto Riesgo
979,41,Male,Htc Vive,44.78712414612767,5,5,Bajo Riesgo
980,57,Male,Htc Vive,29.76788056685257,7,1,Alto Riesgo
981,27,Male,Htc Vive,47.28039750705753,2,4,Bajo Riesgo
982,53,Female,Playstation Vr,43.51439789895336,6,2,Alto Riesgo
983,20,Female,Htc Vive,57.16455298830793,10,4,Alto Riesgo
984,18,Female,Playstation Vr,18.0802359053275,8,5,Alto Riesgo
985,29,Male,Oculus Rift,27.09497259161493,2,4,Bajo Riesgo
986,48,Male,Htc Vive,10.55443006838203,8,5,Alto Riesgo
987,23,Male,Oculus Rift,30.40630713114149,9,4,Alto Riesgo
988,25,Female,Oculus Rift,32.548842901153755,6,1,Alto Riesgo
989,42,Female,Oculus Rift,28.632759594838877,5,4,Bajo Riesgo
990,56,Male,Playstation Vr,23.102600724397465,8,2,Alto Riesgo
991,33,Female,Htc Vive,54.909283380886095,3,5,Bajo Riesgo
992,52,Female,Oculus Rift,12.69381497800827,4,4,Bajo Riesgo
993,37,Female,Oculus Rift,9.172770723739468,7,5,Alto Riesgo
994,24,Other,Htc Vive,48.770545235660656,8,3,Alto Riesgo
995,24,Other,Htc Vive,15.841157994206302,2,2,Bajo Riesgo
996,30,Male,Htc Vive,14.656763281854438,9,2,Alto Riesgo
997,57,Other,Oculus Rift,25.172418951036995,7,5,Alto Riesgo
998,35,Other,Playstation Vr,37.57613859519163,7,2,Alto Riesgo
999,52,Male,Playstation Vr,27.567472819136697,7,2,Alto Riesgo
1000,46,Female,Playstation Vr,37.5111408704985,7,3,Alto Riesgo
