promedio_notas,asistencia_porcentaje,ingreso_familiar,actividades_extracurriculares,horas_tarea,materias_reprobadas,abandono,beca_si,apoyo_sociofamiliar_bajo,apoyo_sociofamiliar_medio
-0.4062253553725848,-1.3538439688424386,-1.8066902602056707,-1.159330326073648,0.29547878011650813,-0.6962228269626483,1,False,False,True
1.5570310345723224,1.372716882233479,0.8620344192438885,-1.159330326073648,0.29547878011650813,-0.6962228269626483,1,False,True,False
0.8105845946453526,0.01795695935513318,-0.40052699309574263,1.455700484618791,0.6860541791210882,1.2243918681067263,0,True,False,True
0.3572632407171014,1.1171018024451118,1.5256498257135307,-0.28765338917616834,1.4672049771302487,-0.6962228269626483,0,False,False,True
-1.1526717952995547,-0.6125602374561733,1.0075789121349656,-0.28765338917616834,0.9747403436027343,-0.6962228269626483,1,True,False,False
-1.1526717952995547,1.3471553742546425,0.4529557286522487,-1.159330326073648,-1.5045643631219912,-0.6962228269626483,1,False,False,False
-1.4866980560887924,-0.37398616298703075,1.7093824942946796,-0.28765338917616834,1.2124818908229138,1.2243918681067263,0,True,False,True
1.2673143798061468,-1.6691025672480913,-1.6190211933271517,-1.159330326073648,-0.9271920341586989,-0.6962228269626483,0,True,True,False
0.36408010318218775,1.3812373848930921,0.6346946370568075,-1.159330326073648,-0.41774586154402926,-0.6962228269626483,0,True,False,False
0.7287822450643147,-1.387925979480887,-1.111839277636117,0.5840235477213114,-0.12905969706238324,-0.6962228269626483,0,False,True,False
-1.6128100116928923,-0.6125602374561733,-0.0463533904440455,-0.28765338917616834,-0.06113354071376056,-0.6962228269626483,1,False,False,True
1.6217912279906437,1.5346064327661122,-0.6825162529437163,0.5840235477213114,-0.21396739249816152,-0.6962228269626483,0,False,False,False
1.1514277178996768,1.5346064327661122,0.03973615153999867,-1.159330326073648,1.484186516217404,0.264084520572039,1,True,True,False
-0.9617996462771331,0.24801053116466398,-1.729035857430277,-1.159330326073648,0.7030357182082438,-0.6962228269626483,0,False,False,True
-1.0640525832534302,0.4525025949953571,0.6163418190210166,-0.28765338917616834,0.4483126319009091,1.2243918681067263,1,False,False,False
-1.0606441520208871,-0.17801460181594816,-0.8287253325603234,-0.28765338917616834,-1.5215459022091469,-0.6962228269626483,0,True,False,True
-0.6482239728831549,-0.7062857667119075,0.9051814343475306,0.5840235477213114,1.3822972816944703,-0.6962228269626483,1,False,False,False
0.10503932950890145,-0.5869987294773368,0.1003669097306616,-0.28765338917616834,1.3992788207816256,-0.6962228269626483,0,False,False,True
-0.21194477511761992,0.5888306375491537,0.19504495709078618,-0.28765338917616834,0.9577588045155787,-0.6962228269626483,1,True,False,False
-0.692533578906217,0.8614867226567445,1.4266775256653659,0.5840235477213114,-1.6743797539935477,-0.6962228269626483,1,False,False,False
0.4015728467401635,0.9978147652105411,1.675641937460078,-1.159330326073648,-1.5045643631219912,-0.6962228269626483,0,False,True,False
-1.21061512625279,0.9892942625509281,-1.215310318595562,-0.28765338917616834,-0.9271920341586989,-0.6962228269626483,1,False,False,True
-0.6891251476736738,-1.3964464821404992,1.0631997088562481,1.455700484618791,-1.2498412768146563,0.264084520572039,0,True,False,False
-0.4369012364654739,-0.016125051283316275,1.1286870623488614,0.5840235477213114,-0.33283816610825095,-0.6962228269626483,1,True,False,False
-0.13014242553658234,-1.5072130167154587,0.19207987785380604,-0.28765338917616834,1.4502234380430927,0.264084520572039,1,False,True,False
0.9912314499701441,0.1713260072281533,-1.1370935732062584,1.455700484618791,-0.09509661888807175,2.1846992156414133,0,False,False,False
-1.002700821067652,-0.1950556071351729,0.2694786703501498,0.5840235477213114,-1.6404166758192362,-0.6962228269626483,0,False,False,False
0.06754658595092569,1.321593866275806,-0.5274119356161688,-0.28765338917616834,-0.723413565112831,-0.6962228269626483,0,False,False,False
0.3334042220892986,-0.5103142055408261,1.4449280995895368,0.5840235477213114,-1.5385274412963024,-0.6962228269626483,1,False,False,False
-1.5275992308793114,-1.3027209528847645,0.727021069849672,-0.28765338917616834,-1.5724905194706138,-0.6962228269626483,1,False,True,False
0.3879391218099905,-1.2175159262886421,-1.3746577665553399,-0.28765338917616834,-0.7573766432871424,-0.6962228269626483,1,False,False,True
-1.1015453268114062,0.8955687332951939,-1.4005766488510112,-0.28765338917616834,-0.7573766432871424,0.264084520572039,0,True,False,False
-1.4628390374609896,0.4013795790376841,-1.3701079035882495,-0.28765338917616834,0.9747403436027343,-0.6962228269626483,0,False,False,True
1.550214172107236,-1.3623644715020504,1.139729426403822,0.5840235477213114,1.6200388289146492,-0.6962228269626483,1,False,False,False
1.6081575030604711,-1.413487487459724,0.04607528646043897,-0.28765338917616834,-0.4347274006311848,1.2243918681067263,0,False,True,False
1.0696253683186387,0.6825561668048878,-1.4663707346784842,1.455700484618791,-0.2309489315853171,-0.6962228269626483,0,True,True,False
-0.6448155416506117,-1.4560900007577853,0.3295982079827127,0.5840235477213114,1.178518812648602,1.2243918681067263,1,True,False,False
-1.3503608067870627,1.1000607971258882,1.638936301388496,-1.159330326073648,-0.7743581823742979,-0.6962228269626483,0,True,True,False
0.6469798954832768,0.6995971721241127,0.5264692449070323,0.5840235477213114,-1.1649335813788781,-0.6962228269626483,0,False,False,True
-0.18467732525727396,-1.4220079901193363,-0.7929398934933216,-0.28765338917616834,1.2124818908229138,-0.6962228269626483,0,False,False,False
-1.268558457206025,-1.413487487459724,0.5507522214167834,-0.28765338917616834,-1.5385274412963024,-0.6962228269626483,0,True,False,False
0.002786392532604266,1.6624139726602958,0.0859504899922409,0.5840235477213114,0.4143495537265979,2.1846992156414133,0,False,False,False
-1.5685004056698302,-0.4251091789447037,-1.5699440197495493,-1.159330326073648,0.21057108468072985,-0.6962228269626483,0,False,False,True
1.4138769228055061,-0.44215018426392844,-0.8368537394341138,-0.28765338917616834,-0.5196350960669631,2.1846992156414133,1,False,True,False
-0.8016033783476009,1.0659787864874388,-1.2817178690927553,-1.159330326073648,-0.6215243305898971,-0.6962228269626483,0,True,False,True
0.5754028395998687,1.5260859301065004,-0.9828583308274809,-1.159330326073648,0.9237957263412675,-0.6962228269626483,0,False,True,False
-0.620956523022809,1.653893470000684,-0.3972551815239025,-0.28765338917616834,-1.4026751285990573,-0.6962228269626483,1,False,False,True
0.0879971733461853,0.8614867226567445,0.5468158231194132,-0.28765338917616834,-0.8932289559843876,-0.6962228269626483,1,True,True,False
0.18002481662485267,-0.41658867628509194,-0.800096981306722,2.3273774215162706,0.7879434136440222,2.1846992156414133,1,True,False,True
-1.0538272895558007,-1.4220079901193363,0.7347916223327924,-0.28765338917616834,0.17660800650641867,-0.6962228269626483,1,False,False,False
1.6217912279906437,0.9466917492528669,0.8888223764883297,-0.28765338917616834,-1.2498412768146563,-0.6962228269626483,0,False,False,True
0.9571471376447118,0.1968875152069898,-0.5393233746198994,-0.28765338917616834,1.2973895862586922,-0.6962228269626483,0,True,True,False
1.5161298597818036,-0.25469912575245884,-0.7106333836392177,-1.159330326073648,-0.34981970519540656,-0.6962228269626483,0,False,False,False
1.3661588855499005,1.389757887552704,1.3985092729140545,2.3273774215162706,1.1275741953871354,-0.6962228269626483,0,False,True,False
0.3538548094845582,-1.328282460863601,-0.7494861460548196,0.5840235477213114,0.9917218826898901,-0.6962228269626483,1,False,False,False
1.4581865288285685,-0.024645553942928035,-1.7232079430679368,0.5840235477213114,0.4313310928137535,1.2243918681067263,0,False,False,True
-1.3844451191124951,-1.660582064588479,0.33138747993606277,-1.159330326073648,-0.010188923452293478,-0.6962228269626483,1,False,True,False
-1.016334545997825,-0.10985058053905046,-1.6862466967173049,-0.28765338917616834,1.6370203680018052,-0.6962228269626483,1,False,False,False
-1.5310076621118545,-1.5072130167154587,-0.5636063511296505,-0.28765338917616834,-1.1988966595531894,-0.6962228269626483,1,False,False,False
-0.5766469169997469,-1.2942004502251527,-0.08934703938025759,1.455700484618791,0.7709618745568666,-0.6962228269626483,0,False,False,False
-0.35850731811697933,-1.3027209528847645,1.1553216534258728,-1.159330326073648,-1.0460628077687886,3.145006563176101,1,False,True,False
-0.760702203557082,0.5121461136126431,-1.706848885208736,-0.28765338917616834,-0.5366166351541188,-0.6962228269626483,0,False,False,False
1.1412024242020467,0.835925214677908,-1.6742330136019543,2.3273774215162706,-0.6385058696770527,-0.6962228269626483,0,True,True,False
-0.4675771175583632,0.2820925418031122,1.2376281632799766,-0.28765338917616834,1.5181495943917152,0.264084520572039,0,False,False,False
-0.7266178912316494,1.5772089460641734,-0.38416793523654186,-0.28765338917616834,1.586075750740338,-0.6962228269626483,0,False,True,False
0.1663910916946797,-0.4251091789447037,0.35751085045497405,-1.159330326073648,-1.063044346855944,-0.6962228269626483,1,False,True,False
-1.2037982637877032,-0.731847274690744,-0.8699808315989954,2.3273774215162706,-1.6234351367320807,2.1846992156414133,0,False,False,False
1.0491747809233791,1.2534298449989083,-0.09870237559348805,-1.159330326073648,0.753980335469711,0.264084520572039,0,False,False,True
-1.4287547251355572,-0.94485984118105,1.4626163308997975,0.5840235477213114,-0.2649120097596283,3.145006563176101,0,True,False,False
1.6797345589438788,1.5772089460641734,0.14269597194134365,0.5840235477213114,-1.3856935895119014,-0.6962228269626483,0,True,False,True
0.946921843947082,-1.660582064588479,0.6561659004970085,-1.159330326073648,0.6351095618596212,-0.6962228269626483,0,True,False,False
-1.0061092523001953,1.6027704540430099,-0.3374934982820096,0.5840235477213114,0.15962646741926306,-0.6962228269626483,1,True,False,False
-1.663936480181041,-1.5583360326731317,-1.4734255783802646,-1.159330326073648,1.6370203680018052,-0.6962228269626483,0,False,False,False
1.0934843869464417,1.3301143689354178,0.12950648154236302,-0.28765338917616834,-0.9271920341586989,1.2243918681067263,0,False,False,False
0.7253738138317715,0.09464148329164264,-0.4462812330456949,0.5840235477213114,-0.31585662702109535,-0.6962228269626483,0,True,False,False
0.8003593009477228,1.6794549779795205,-1.2259948282598527,1.455700484618791,0.15962646741926306,1.2243918681067263,0,False,False,True
0.9435134127145388,-1.4475694980981728,0.1583904430750144,0.5840235477213114,0.9917218826898901,0.264084520572039,1,True,True,False
-1.4321631563681003,0.18836701254737803,-0.5083945308548479,-0.28765338917616834,0.17660800650641867,-0.6962228269626483,0,False,False,False
-0.46416868632581987,1.6027704540430099,1.5177259070629803,-1.159330326073648,0.39736801463944227,-0.6962228269626483,0,False,False,True
-1.2890090446012843,0.07760047797241912,1.0071699356884856,-1.159330326073648,-0.9271920341586989,0.264084520572039,0,True,False,False
1.2570890861085173,0.4439820923357453,0.8701117040618689,-1.159330326073648,1.178518812648602,-0.6962228269626483,1,False,True,False
0.4390655902981393,0.6655151614856631,-1.1821832264306804,-1.159330326073648,-0.2309489315853171,1.2243918681067263,1,True,True,False
-0.5561963296044874,-0.15245309383711167,0.27295497014522996,-0.28765338917616834,-1.215878198640345,-0.6962228269626483,1,False,True,False
-1.466247468693533,0.43546158967613235,0.6800910226160897,-0.28765338917616834,0.5671834055109989,-0.6962228269626483,1,False,True,False
-0.6243649542553523,0.2906130444627252,0.8760418625358292,-0.28765338917616834,-0.9611551123330102,-0.6962228269626483,0,True,False,False
-0.5766469169997469,1.3641963795738674,-0.46356048790947574,-1.159330326073648,-1.3517305113375901,3.145006563176101,0,False,True,False
0.8037677321802659,-1.54981553001352,1.0040003682282654,-0.28765338917616834,1.229463429910069,-0.6962228269626483,0,True,False,True
0.4901920587862877,-0.7488882800099687,-0.24480921109847512,1.455700484618791,-0.12905969706238324,1.2243918681067263,0,True,False,False
1.3388914356895547,1.5346064327661122,1.4193159496287255,-0.28765338917616834,0.8558695699926449,-0.6962228269626483,1,False,True,False
-0.07560752581589043,1.3301143689354178,1.0687720129395386,1.455700484618791,-0.7064320260256753,0.264084520572039,1,False,False,False
-1.2753753196711113,-0.15245309383711167,-0.20380932233885313,1.455700484618791,0.9747403436027343,0.264084520572039,0,False,False,True
0.7458244012270309,0.40990008169729586,1.7059061944995995,-1.159330326073648,-1.317767433163279,-0.6962228269626483,1,False,False,False
0.9094291003891065,-0.7574087826695817,0.23103488438102793,0.5840235477213114,-0.4856720178926519,-0.6962228269626483,1,False,False,False
0.22774285388045826,-1.0641468784156218,-0.5780227708680713,-0.28765338917616834,1.6370203680018052,0.264084520572039,0,True,False,True
0.9435134127145388,-0.1268915858582752,1.5061723224499197,-0.28765338917616834,1.0087034217770459,-0.6962228269626483,1,False,False,True
-0.0006220386999389028,-0.5017937028812144,-0.028409548854734637,-0.28765338917616834,-0.010188923452293478,0.264084520572039,0,False,False,False
0.09822246704381511,0.2820925418031122,-0.18637670130764228,-0.28765338917616834,-0.5366166351541188,-0.6962228269626483,0,False,False,False
-0.2255785000477929,-1.4390489954385606,1.2815420092207688,-0.28765338917616834,1.2634265080843803,1.2243918681067263,0,False,True,False
-1.5991762867627193,1.6198114593622346,-1.1907206097509508,-0.28765338917616834,0.15962646741926306,0.264084520572039,0,False,False,False
-1.3162764944616303,1.653893470000684,0.9868744795319145,0.5840235477213114,0.8898326481669561,1.2243918681067263,1,False,False,False
-1.57872569936746,0.6740356641452762,1.5792257402024132,0.5840235477213114,0.8728511090798005,-0.6962228269626483,1,False,True,False
0.48337519632120135,0.12020299127048034,-0.9273397782178182,-0.28765338917616834,-1.6234351367320807,-0.6962228269626483,1,False,True,False
-0.6141396605577225,-0.6466422480946216,0.5925189410135554,0.5840235477213114,-1.266822815901812,-0.6962228269626483,1,False,False,False
0.050504429788209536,1.0744992891470506,-1.4987309960062158,-1.159330326073648,0.550201866423843,-0.6962228269626483,1,False,False,True
1.410468491572963,0.631433150847215,-1.5869165422784701,-1.159330326073648,-1.1479520422917224,-0.6962228269626483,0,False,True,False
-0.8356876906730332,-1.1493519050117444,-0.9935428404917713,1.455700484618791,-0.825302799635765,-0.6962228269626483,0,True,True,False
-0.28693026223357143,1.3982783902123168,-1.7007653605673456,-0.28765338917616834,1.5181495943917152,0.264084520572039,0,True,False,True
0.8923869442263901,1.1000607971258882,1.2797527372674187,-1.159330326073648,0.21057108468072985,-0.6962228269626483,0,False,False,False
-0.903856315323898,1.5346064327661122,0.9164794086815411,-1.159330326073648,0.8558695699926449,-0.6962228269626483,0,True,False,False
-1.4219378626704708,0.7677611934010103,-0.7866518806286914,-1.159330326073648,0.21057108468072985,0.264084520572039,0,False,False,False
-0.6959420101387603,0.38433857371845936,0.03850922220055861,2.3273774215162706,0.19358954559357425,-0.6962228269626483,0,True,False,True
-1.1356296391368383,-0.28026063373129534,0.3275533257503126,-0.28765338917616834,-1.3687120504247459,-0.6962228269626483,1,False,False,False
1.4854539786889145,1.4749629141488263,-1.1046310677669067,1.455700484618791,-0.5196350960669631,2.1846992156414133,0,False,False,True
1.0696253683186387,1.2449093423392954,0.7664872969349938,-0.28765338917616834,-0.7403951041999868,2.1846992156414133,0,False,False,False
0.47314990262357154,-1.54981553001352,-0.20692776774326327,-0.28765338917616834,-0.36680124428256233,-0.6962228269626483,0,True,False,False
1.2843565359688633,-1.6094590486308054,-1.3681141434116595,-0.28765338917616834,1.0256849608642014,-0.6962228269626483,1,False,True,False
1.0559916433884655,-0.41658867628509194,0.3789821138951751,0.5840235477213114,-0.4347274006311848,0.264084520572039,1,False,False,False
-1.0470104270907141,1.057458283827827,-0.6252595504365135,-1.159330326073648,-0.16302277523669442,-0.6962228269626483,0,True,False,False
1.3593420230848143,1.6624139726602958,-1.027999106107713,1.455700484618791,-0.34981970519540656,-0.6962228269626483,0,False,True,False
0.1527573667645067,-1.1919544183098056,-1.066954112634935,1.455700484618791,-1.3687120504247459,-0.6962228269626483,0,False,False,False
1.0662169370860957,0.3246950551011734,-0.09686198158432795,-0.28765338917616834,-0.1969858534110056,-0.6962228269626483,0,False,False,True
1.3695673167824443,-0.408068173625479,-1.7477465298567378,2.3273774215162706,-1.0290812686816326,-0.6962228269626483,0,False,False,True
-0.6005059356275495,1.6027704540430099,1.4176289217869955,1.455700484618791,-1.063044346855944,-0.6962228269626483,0,True,False,False
-1.3094596319965437,1.168224818402786,1.3828148017803836,0.5840235477213114,-1.3687120504247459,0.264084520572039,0,False,True,False
-0.9072647465564414,1.1511838130835612,-1.4510341179354835,-1.159330326073648,-0.4856720178926519,1.2243918681067263,0,False,False,True
-0.22898693128033637,-0.10985058053905046,-0.9046415854381771,-0.28765338917616834,0.8728511090798005,-0.6962228269626483,0,True,False,False
1.1037096806440712,-0.2887811363909083,-0.28074801633290686,-0.28765338917616834,-0.7573766432871424,0.264084520572039,1,False,False,False
1.2502722236434305,-0.7744497879888051,0.520487964377262,-1.159330326073648,-0.6385058696770527,1.2243918681067263,0,False,False,False
-1.6605280489484975,-1.5072130167154587,0.6552968255482384,-1.159330326073648,0.4992572491623761,-0.6962228269626483,1,True,True,False
0.05732129225329618,1.2449093423392954,-0.8385918893316539,0.5840235477213114,-1.0290812686816326,-0.6962228269626483,1,False,False,False
-0.26307124360576867,1.0659787864874388,1.6448664598624565,-1.159330326073648,1.3483342035201586,0.264084520572039,0,False,False,True
-0.9277153339517007,1.705016485958357,0.10900653716255201,-0.28765338917616834,0.0747187719834848,-0.6962228269626483,1,False,False,True
-1.2753753196711113,1.6964959832987452,0.8411254984175974,1.455700484618791,-0.16302277523669442,1.2243918681067263,0,False,False,True
-0.5323373109766848,0.18836701254737803,-0.3546705090341704,1.455700484618791,0.21057108468072985,-0.6962228269626483,0,True,False,False
1.5297635847119764,0.9211302412740304,0.024910755355097947,-0.28765338917616834,-1.1309705032045667,3.145006563176101,0,False,False,False
-0.5834637794648333,1.5175654274468875,-0.3890756525943021,1.455700484618791,0.39736801463944227,-0.6962228269626483,1,False,False,True
0.08458874211364213,1.1937863263816224,-1.6815945896385947,-1.159330326073648,-0.4517089397183406,-0.6962228269626483,1,False,False,False
0.7117400889015986,-0.8596548145849277,-0.005097891405373507,-1.159330326073648,1.3483342035201586,0.264084520572039,1,False,False,False
-0.4437180989305604,-0.1694940991563364,1.2937601805593595,0.5840235477213114,-1.113988964117411,-0.6962228269626483,0,False,False,False
1.6286080904557307,-1.2601184395867033,-0.5988805696385523,-0.28765338917616834,0.02377415472201771,-0.6962228269626483,0,False,False,False
1.5945237781302977,1.551647438085337,1.000063969930895,-0.28765338917616834,0.34642339737797523,-0.6962228269626483,0,False,True,False
-0.8254623969754035,0.35877706573962287,-0.9090380822378373,-0.28765338917616834,-1.5724905194706138,-0.6962228269626483,0,False,False,False
0.009603254997690604,-0.9278188358618266,0.829520791748727,-1.159330326073648,-0.4517089397183406,-0.6962228269626483,1,False,False,False
-0.6584492665807847,0.5888306375491537,1.0477097259458175,-1.159330326073648,0.8049249527311777,2.1846992156414133,0,False,False,False
-0.7129841663014765,0.4013795790376841,1.056502719545138,-0.28765338917616834,1.0936111172128238,-0.6962228269626483,1,False,False,True
-1.5582751119722005,-0.48475269756198963,1.3190144761295006,0.5840235477213114,-0.6215243305898971,0.264084520572039,0,True,False,True
0.39475598427507685,-1.3197619582039892,0.1419291411041936,0.5840235477213114,1.0256849608642014,0.264084520572039,0,True,False,False
0.03005384239295022,0.5888306375491537,1.120456411363451,-0.28765338917616834,1.6030572898274933,2.1846992156414133,1,False,False,True
-1.510557074716595,0.06907997531280616,-0.1949652066837227,-0.28765338917616834,1.2124818908229138,-0.6962228269626483,0,False,False,True
-0.7334347536967359,0.9296507439336434,-0.4503709975104951,-1.159330326073648,-1.2838043549889675,1.2243918681067263,1,False,True,False
1.410468491572963,0.06907997531280616,0.22929673448348784,-1.159330326073648,0.8219064918183336,-0.6962228269626483,0,False,True,False
-0.8663635717659224,1.2023068290412342,-0.6792444413718761,0.5840235477213114,-0.6045427915027414,0.264084520572039,1,False,False,False
-1.1901645388575304,0.17984650988776507,-1.730211664713907,-0.28765338917616834,1.6709834461761164,0.264084520572039,1,False,False,False
-0.017664194862655355,0.20540801786660276,0.6793753138347497,-1.159330326073648,-0.044152001626604966,1.2243918681067263,0,False,False,False
1.6763261277113357,1.2875118556373566,0.27310833631265996,0.5840235477213114,-1.2838043549889675,-0.6962228269626483,0,False,False,False
-0.859546709300836,-0.3313836496889695,-0.9581152558154397,0.5840235477213114,0.7709618745568666,0.264084520572039,1,False,True,False
0.6060787206927579,-1.2430774342674786,1.325558099273181,0.5840235477213114,-0.5875612524155858,-0.6962228269626483,0,False,False,False
0.9128375316216497,-1.600938545971193,0.8056467916854557,-1.159330326073648,1.6879649852632717,0.264084520572039,1,False,False,False
-0.8731804342310089,0.8700072253163574,-0.31004095431203826,-1.159330326073648,1.6370203680018052,3.145006563176101,0,True,False,True
0.7969508697151796,0.40990008169729586,-1.5951983153196905,-1.159330326073648,0.5332203273366873,-0.6962228269626483,0,True,False,True
-0.4300843740003874,0.6995971721241127,0.5808119902330648,-1.159330326073648,-1.2498412768146563,3.145006563176101,1,True,False,False
0.4697414713910284,-0.9789418518194994,0.6368417634008275,0.5840235477213114,0.6351095618596212,-0.6962228269626483,0,False,False,False
0.47655833385611474,-1.2345569316078668,1.2057280004545352,1.455700484618791,-1.3687120504247459,-0.6962228269626483,0,False,False,False
0.1425320730668772,-1.6520615619288666,-1.2168439802698623,0.5840235477213114,-1.5894720585577695,-0.6962228269626483,0,False,False,True
-1.3776282566474085,-0.5103142055408261,0.013817269244327409,0.5840235477213114,1.1105926562999797,-0.6962228269626483,0,False,False,False
1.1616530115973063,0.3076540497819487,-0.31152349393052836,-0.28765338917616834,-0.9781366514201658,0.264084520572039,0,True,False,False
-0.5902806419299198,-0.36546566032741773,0.04755782607892904,0.5840235477213114,-0.40076432245687366,-0.6962228269626483,0,False,False,True
-1.0470104270907141,-0.21209661245439762,0.16575201911165477,-0.28765338917616834,1.6200388289146492,-0.6962228269626483,1,True,False,False
-1.5446413870420275,1.3812373848930921,1.3114484118696204,-0.28765338917616834,-0.5535981742412744,2.1846992156414133,0,False,False,True
0.32999579085675546,-0.5188347082004379,-0.8290320648951834,-0.28765338917616834,-0.6894504869385196,1.2243918681067263,0,True,False,False
0.6265293080880175,0.05203896999358142,-0.7307754736283587,-1.159330326073648,1.4332418989559368,1.2243918681067263,1,False,False,False
-1.6264437366230653,0.9637327545720916,-1.2224162843531525,-0.28765338917616834,-1.317767433163279,1.2243918681067263,1,True,True,False
0.06072972348583935,-0.34842465500819303,0.9104470060959609,2.3273774215162706,0.8898326481669561,0.264084520572039,0,False,False,True
-0.9140816090215278,0.4184205843569088,1.1259775933909313,-1.159330326073648,1.6709834461761164,-0.6962228269626483,0,False,False,False
0.5140510774140905,1.2363888396796836,0.8964395628040202,-1.159330326073648,1.3653157426073144,-0.6962228269626483,0,False,False,True
-1.0913200331137762,1.5346064327661122,-0.5472472932704497,-0.28765338917616834,0.5162387882495317,0.264084520572039,1,False,False,True
0.6708389141110797,-1.2004749209694172,-1.2484374107604437,0.5840235477213114,-0.6215243305898971,-0.6962228269626483,0,False,False,True
-0.36532418058206584,1.4579219088296016,-0.34240121563976983,-0.28765338917616834,-0.825302799635765,0.264084520572039,1,False,False,False
1.5093129973167168,-0.024645553942928035,0.911776179547021,0.5840235477213114,1.0936111172128238,-0.6962228269626483,0,False,True,False
-1.214023557485333,-0.8255728039464794,-0.6296560472361737,-1.159330326073648,1.2973895862586922,-0.6962228269626483,1,False,False,False
-0.522112017279055,-0.13541208851788694,1.675795303627508,0.5840235477213114,0.09170031107064039,-0.6962228269626483,1,False,False,False
-1.2992343382989142,1.6368524646814593,-1.565036302391789,-0.28765338917616834,-0.8592658778100762,0.264084520572039,0,False,False,False
1.4684118225261982,-0.024645553942928035,-0.6990797990261571,1.455700484618791,-1.3007858940761232,-0.6962228269626483,0,True,False,False
1.3048071233641223,-0.5784782268177239,1.2096643987519053,0.5840235477213114,-1.4026751285990573,0.264084520572039,0,False,True,False
-0.8050118095801441,0.4525025949953571,1.6272804726638155,-1.159330326073648,0.753980335469711,-0.6962228269626483,0,False,False,False
0.5651775459022389,-0.8852163225637653,-0.17789044004318189,-1.159330326073648,-0.2649120097596283,-0.6962228269626483,0,False,False,False
1.100301249411528,-1.4475694980981728,-1.0028470546491919,-1.159330326073648,1.3822972816944703,1.2243918681067263,1,False,True,False
0.20729226648519863,-1.2601184395867033,-1.1939412992669811,-0.28765338917616834,0.8219064918183336,0.264084520572039,1,False,False,False
0.1220814856716176,-1.2686389422463162,-0.5832372205606915,-0.28765338917616834,-1.0460628077687886,-0.6962228269626483,0,False,False,False
-0.859546709300836,-1.1834339156501938,0.5088321356525813,0.5840235477213114,0.39736801463944227,1.2243918681067263,0,True,False,False
-1.367402962949779,-1.226036428948255,0.17500511121326523,-0.28765338917616834,-0.21396739249816152,-0.6962228269626483,0,False,False,False
1.3729757480149876,0.47806410297419355,1.5617931191712024,-0.28765338917616834,0.2615157019421969,-0.6962228269626483,0,False,False,False
1.383201041712617,-1.0811878837348465,0.6051460887986261,-1.159330326073648,0.8219064918183336,-0.6962228269626483,0,False,False,True
0.47314990262357154,-0.5273552108600509,-0.13014243991663957,-1.159330326073648,1.0426664999513573,0.264084520572039,1,False,False,False
-0.5289288797441415,1.3556758769142556,-1.7352216261832873,1.455700484618791,1.178518812648602,0.264084520572039,1,True,False,False
-0.49484456741870897,-0.08428907256021398,-1.0438469434088138,-1.159330326073648,-0.825302799635765,-0.6962228269626483,0,False,False,True
0.790134007250093,0.571789632229929,-0.01818513769273414,0.5840235477213114,-1.5894720585577695,1.2243918681067263,0,False,False,True
1.3729757480149876,-1.1152698943732948,0.12459876418460278,1.455700484618791,0.8219064918183336,-0.6962228269626483,1,False,False,False
1.3388914356895547,-1.0471058730963971,0.9940826894011249,0.5840235477213114,-1.3347489722504347,-0.6962228269626483,0,False,False,True
0.974189293807428,-1.5668565353327442,-0.07457276525116688,1.455700484618791,-0.6215243305898971,-0.6962228269626483,0,False,False,False
0.5038257837164607,-1.123790397032908,-1.810064315889131,-0.28765338917616834,-1.6743797539935477,-0.6962228269626483,1,False,False,False
-1.3980788440426681,-0.7574087826695817,1.0158095631203758,2.3273774215162706,0.6181280227724656,-0.6962228269626483,1,False,False,True
-1.1322212079042953,-1.0982288890540715,-1.130652194174198,-1.159330326073648,-1.1309705032045667,-0.6962228269626483,0,True,False,False
1.379792610480074,-1.4049669848001116,-0.5681050920409307,-1.159330326073648,0.5332203273366873,1.2243918681067263,0,False,True,False
0.3811222593449039,-1.2942004502251527,0.4968695745930408,0.5840235477213114,1.6709834461761164,-0.6962228269626483,1,True,False,False
-1.6537111864834113,-0.13541208851788694,-0.3743013784652114,1.455700484618791,-1.4366382067733685,-0.6962228269626483,0,False,False,True
-1.340135513089433,-0.9959828571387243,-0.07395930058144684,1.455700484618791,-1.4366382067733685,-0.6962228269626483,1,False,False,False
0.5788112708324119,-0.45919118958315314,-0.7609886086120701,-1.159330326073648,-0.5366166351541188,-0.6962228269626483,1,False,False,True
-1.6673449114135843,0.00943645669552021,-0.634717130761364,-0.28765338917616834,1.246444968997225,-0.6962228269626483,1,False,False,True
-1.1356296391368383,0.6484741561664384,0.8183250615263363,1.455700484618791,-0.9611551123330102,0.264084520572039,0,True,True,False
0.18684167908993932,-1.5668565353327442,1.7462926185895014,-0.28765338917616834,-0.4686904788054962,-0.6962228269626483,0,False,False,False
0.6742473453436227,1.0233762731893776,-1.4573221308001139,0.5840235477213114,-1.453619745860524,0.264084520572039,0,False,False,True
0.537910096041893,0.43546158967613235,0.015606541197677496,1.455700484618791,0.9068141872541119,1.2243918681067263,0,False,False,True
-0.9208984714866142,-1.4220079901193363,-0.7129849982064778,-0.28765338917616834,-0.2988750879339398,-0.6962228269626483,0,False,False,True
0.7424159699944877,1.2704708503181332,0.7164388042970015,-0.28765338917616834,0.8898326481669561,1.2243918681067263,0,True,False,True
-0.8765888654635521,1.432360400850765,0.04812016869283907,-0.28765338917616834,1.3822972816944703,-0.6962228269626483,1,False,False,True
-0.5766469169997469,-1.4986925140558465,1.1076758974109504,-1.159330326073648,-0.8932289559843876,0.264084520572039,0,False,False,False
0.8583026319009578,-0.7574087826695817,-0.7655895936349704,1.455700484618791,1.0426664999513573,-0.6962228269626483,0,False,False,False
0.5310932335768066,1.0404172785086023,-1.7445769623965177,-0.28765338917616834,-1.4875828240348357,-0.6962228269626483,1,True,False,False
1.2093710488529117,0.8444457173375209,0.4680878571720094,1.455700484618791,1.3653157426073144,-0.6962228269626483,0,True,False,False
0.5583606834371526,-1.0726673810752336,-1.7958523843739502,-1.159330326073648,0.5162387882495317,-0.6962228269626483,1,False,True,False
0.2516018725082607,-0.9874623544791112,-1.1866819673419606,2.3273774215162706,1.2804080471715362,-0.6962228269626483,0,False,False,True
-1.3639945317172357,-0.44215018426392844,0.8380581750689974,-0.28765338917616834,-1.6913612930807034,-0.6962228269626483,1,False,True,False
-0.4300843740003874,-0.05020706192176452,-1.233203038129063,-1.159330326073648,-1.113988964117411,-0.6962228269626483,1,False,False,False
-0.7811527909523414,0.4013795790376841,-1.7236680415702268,-1.159330326073648,-0.36680124428256233,1.2243918681067263,1,False,True,False
-0.8527298468357495,-0.44215018426392844,0.9861076486947645,0.5840235477213114,-0.40076432245687366,0.264084520572039,1,True,True,False
1.6320165216882738,-0.1268915858582752,1.6609699074426072,0.5840235477213114,-0.9271920341586989,-0.6962228269626483,0,False,False,True
-0.3448735931868064,0.8444457173375209,1.1546570667003426,1.455700484618791,-0.40076432245687366,-0.6962228269626483,1,False,False,True
1.355933591852271,-1.5753770379923564,-1.0004954400819317,-1.159330326073648,-1.2498412768146563,1.2243918681067263,1,False,False,False
0.4663330401584849,-0.8426138092657041,1.037485314783817,-1.159330326073648,-0.28189354884678386,1.2243918681067263,0,True,True,False
1.0253157622955766,0.7251586801029491,1.3846551957895439,-0.28765338917616834,1.0256849608642014,0.264084520572039,1,False,False,True
0.03005384239295022,1.3471553742546425,-0.3850370101853119,-0.28765338917616834,-0.06113354071376056,-0.6962228269626483,1,False,False,False
0.28227775360114987,0.04351846733396967,0.11115366350657212,-0.28765338917616834,-1.6234351367320807,-0.6962228269626483,1,False,False,False
-0.004030469932482374,0.11168248861086737,-0.2942442390667475,2.3273774215162706,-0.2649120097596283,-0.6962228269626483,1,False,True,False
-1.019742977230368,-1.336802963523214,-1.190362755360281,2.3273774215162706,-1.606453597644925,-0.6962228269626483,0,False,True,False
0.77650028231992,-0.17801460181594816,1.0638131735259682,1.455700484618791,1.586075750740338,0.264084520572039,0,False,True,False
-0.7266178912316494,0.11168248861086737,-0.8141555466544727,0.5840235477213114,-1.266822815901812,0.264084520572039,0,False,False,True
-1.6025847179952626,-0.8766958199041524,0.47780104777590987,-0.28765338917616834,0.7200172572953994,-0.6962228269626483,0,False,False,False
0.5140510774140905,-0.7829702906484182,0.08850659278274103,-0.28765338917616834,1.6200388289146492,1.2243918681067263,1,False,False,False
-1.0810947394161465,-0.41658867628509194,-1.3622351069935092,-0.28765338917616834,1.1105926562999797,-0.6962228269626483,1,False,False,False
1.519538291014347,-1.6350205566096425,-0.5826237558909715,1.455700484618791,0.6860541791210882,-0.6962228269626483,0,False,False,False
1.5672563282699519,-0.6040397347965603,1.7535519505145216,-1.159330326073648,1.1615372735614466,-0.6962228269626483,1,True,False,False
1.4343275102007658,-0.9789418518194994,-1.2445521345188835,-0.28765338917616834,1.6370203680018052,2.1846992156414133,1,False,False,False
-0.42326751153530096,-0.5869987294773368,0.3230545848390324,-1.159330326073648,0.4143495537265979,-0.6962228269626483,1,True,False,False
-1.6332605990881517,-1.2942004502251527,-1.4687223492457444,-0.28765338917616834,0.21057108468072985,2.1846992156414133,1,True,True,False
1.4786371162238277,1.3301143689354178,0.030431937382578215,1.455700484618791,0.4483126319009091,1.2243918681067263,0,True,False,False
-0.2255785000477929,0.3161745524415617,0.9595753017293732,0.5840235477213114,0.12566338924495157,-0.6962228269626483,0,False,True,False
1.6115659342930142,0.6143921455279902,0.8232839009399067,-1.159330326073648,0.46529417098806464,-0.6962228269626483,0,True,False,True
1.6013406405953847,0.9892942625509281,-0.5090079955245679,2.3273774215162706,-0.16302277523669442,1.2243918681067263,0,True,False,False
1.2230047737830845,-0.007604548623703307,-0.820034583072623,0.5840235477213114,-0.9441735732458545,-0.6962228269626483,0,True,False,False
-0.6823082852085873,-1.4049669848001116,0.0919317705220112,-1.159330326073648,-1.2838043549889675,1.2243918681067263,0,True,False,False
-0.37214104304715234,0.1287234939300921,-0.9006029430291869,-0.28765338917616834,-1.453619745860524,2.1846992156414133,1,False,False,False
1.216187911317998,0.299133547122337,1.5685923525939327,-0.28765338917616834,-0.7913397214614537,-0.6962228269626483,0,False,False,True
-0.6039143668600928,0.835925214677908,0.8643860338111486,-1.159330326073648,-1.5385274412963024,-0.6962228269626483,0,False,False,False
-1.1083621892764925,-0.22913761777362235,-0.0016215916102933381,2.3273774215162706,0.22755262376788574,2.1846992156414133,1,False,False,False
0.21410912895028528,-1.2686389422463162,1.1075736532993303,-0.28765338917616834,-0.723413565112831,0.264084520572039,1,False,False,False
1.5059045660841734,-0.731847274690744,-1.6606345467564938,1.455700484618791,1.1105926562999797,-0.6962228269626483,0,True,True,False
0.6878810702737957,-0.46771169224276493,-0.7568477220914599,-0.28765338917616834,-1.4366382067733685,-0.6962228269626483,0,False,False,True
0.2584187349733474,0.4951051082934183,-0.6112521071445729,-1.159330326073648,-0.9271920341586989,-0.6962228269626483,0,False,False,True
-1.353769238019606,0.23949002850505102,0.28277040486075045,-0.28765338917616834,0.7879434136440222,2.1846992156414133,0,False,False,False
0.41179814043779334,-0.49327320022160137,1.0929527453376697,-1.159330326073648,0.34642339737797523,1.2243918681067263,0,True,False,True
1.689959852641509,1.6624139726602958,-1.4736811886593146,-0.28765338917616834,-1.4706012849476797,0.264084520572039,1,False,False,True
-1.2072066950202467,0.35877706573962287,0.46420258093044925,1.455700484618791,1.2804080471715362,-0.6962228269626483,1,False,False,True
0.08118031088109866,-0.893736825223377,0.9791550491046042,-0.28765338917616834,1.2804080471715362,-0.6962228269626483,1,False,True,False
1.3048071233641223,-1.3538439688424386,-1.030095110395923,0.5840235477213114,-0.5705797133284302,1.2243918681067263,0,True,False,False
0.8412604757382417,-1.1834339156501938,-1.4264444090908723,-1.159330326073648,-0.5366166351541188,-0.6962228269626483,0,True,True,False
0.6912895015063389,-0.8681753172445406,-0.4151990231132134,-1.159330326073648,1.6709834461761164,-0.6962228269626483,0,True,True,False
0.708331657669055,-1.157872407671356,0.8653062308157287,-1.159330326073648,0.4313310928137535,-0.6962228269626483,1,False,False,False
-0.46076025509327667,-1.0641468784156218,1.5650649307430426,-0.28765338917616834,0.10868185015779598,0.264084520572039,1,False,False,False
-0.6823082852085873,-0.731847274690744,-0.3086095367493582,-1.159330326073648,1.1615372735614466,2.1846992156414133,1,True,True,False
1.073033799551182,-1.1152698943732948,-0.3925519523893823,-0.28765338917616834,-0.723413565112831,-0.6962228269626483,0,True,False,False
1.0764422307837251,1.3556758769142556,0.6684863159472191,-0.28765338917616834,-0.2309489315853171,-0.6962228269626483,0,False,False,True
1.2707228110386901,-1.4305284927789481,-1.1015637444183066,-0.28765338917616834,-0.7743581823742979,0.264084520572039,1,True,True,False
1.4275106477356794,0.08612098063203089,1.7319784429627005,-1.159330326073648,0.9917218826898901,3.145006563176101,0,True,False,True
0.05732129225329618,-0.30582214171013183,0.2304214197113079,-0.28765338917616834,0.2615157019421969,-0.6962228269626483,0,False,False,False
0.02664541116040675,1.645372967341071,-0.9762124635721805,1.455700484618791,0.550201866423843,-0.6962228269626483,1,True,False,True
1.0355410559932066,-1.3197619582039892,0.49165512490042057,0.5840235477213114,-0.8422843387229206,-0.6962228269626483,0,False,False,False
0.5310932335768066,-0.34842465500819303,-0.29843624764316773,-0.28765338917616834,-0.9441735732458545,1.2243918681067263,1,False,False,True
0.708331657669055,1.6027704540430099,0.8034996653414357,-1.159330326073648,-0.02717046253944907,-0.6962228269626483,0,False,False,False
1.02872419352812,1.2449093423392954,1.3521415682943823,2.3273774215162706,0.8219064918183336,-0.6962228269626483,1,True,False,True
1.3491167293871849,1.0830197918066635,1.3659956454188928,0.5840235477213114,0.09170031107064039,0.264084520572039,0,True,False,True
-0.5323373109766848,-0.8255728039464794,-1.149362866600659,-0.28765338917616834,-1.5724905194706138,0.264084520572039,1,False,False,True
-0.4028169241400416,-1.123790397032908,-0.12411003733105927,1.455700484618791,1.2634265080843803,-0.6962228269626483,1,False,False,True
-1.3639945317172357,0.571789632229929,1.182927563563274,-0.28765338917616834,-1.4706012849476797,1.2243918681067263,0,False,False,True
0.28568618483369335,1.4664424114892145,-1.2704198947587448,-0.28765338917616834,1.5521126725660268,-0.6962228269626483,1,True,False,True
-1.5616835432047436,0.1968875152069898,0.7466519392807129,0.5840235477213114,-1.606453597644925,-0.6962228269626483,0,False,False,False
-0.09605811321114975,0.24801053116466398,-0.5568582397627302,-1.159330326073648,0.6690726400339327,-0.6962228269626483,0,False,False,True
0.1663910916946797,-0.7488882800099687,-1.6377829878094226,2.3273774215162706,-1.419656667686213,0.264084520572039,1,False,False,False
-0.70616730383639,0.9211302412740304,-1.1651084597901398,0.5840235477213114,1.3992788207816256,-0.6962228269626483,1,False,True,False
0.32999579085675546,-1.0641468784156218,-1.2601954835967444,-0.28765338917616834,-0.11207815797522734,1.2243918681067263,1,False,False,False
-1.57872569936746,-0.6040397347965603,-0.13975338640892002,-1.159330326073648,-1.215878198640345,0.264084520572039,1,False,False,False
-1.5582751119722005,-0.25469912575245884,-1.708331424827226,-1.159330326073648,-0.5366166351541188,0.264084520572039,1,False,False,True
1.1207518368067877,0.026477462014744938,-0.07840691943691706,-0.28765338917616834,-1.1309705032045667,0.264084520572039,1,False,False,False
-0.45735182386073336,-0.8766958199041524,-0.5375852247223593,0.5840235477213114,-1.113988964117411,0.264084520572039,1,True,False,False
-1.2515163010433086,-1.3112414555443774,-0.15611244426812082,-0.28765338917616834,1.535131133478871,-0.6962228269626483,0,False,False,True
0.09481403581127164,0.3758180710588476,-0.03403297499383491,-0.28765338917616834,-0.18000431432385003,-0.6962228269626483,0,False,False,True
0.9401049814819957,-0.7233267720311322,1.0302259828587967,0.5840235477213114,0.9917218826898901,2.1846992156414133,1,False,False,True
-0.9481659213469601,0.2735720391435005,-0.1305514163631196,-1.159330326073648,0.4822757100752206,-0.6962228269626483,0,False,False,False
0.4390655902981393,-1.1749134129905807,0.26242382664836944,0.5840235477213114,0.60114648368531,0.264084520572039,1,False,False,True
-1.394670412810125,-0.06724806724098925,1.1404451351851619,-1.159330326073648,-1.2498412768146563,2.1846992156414133,1,True,False,False
-1.507148643484052,0.11168248861086737,-0.0034108635636434246,2.3273774215162706,-0.8932289559843876,-0.6962228269626483,0,True,False,True
0.12548991690416078,-1.524254022034683,-1.5833891204275798,-0.28765338917616834,0.9747403436027343,0.264084520572039,1,True,False,True
0.15957422922959336,-0.5529167188388874,0.3851678826481854,-1.159330326073648,1.6030572898274933,-0.6962228269626483,0,False,False,True
0.48678362755374455,-1.2430774342674786,1.6306545283472758,-0.28765338917616834,-0.7913397214614537,-0.6962228269626483,0,False,False,False
0.790134007250093,-1.490172011396234,0.4887922897750604,-0.28765338917616834,-0.7743581823742979,-0.6962228269626483,0,False,False,False
1.6422418153859033,1.6709344753199076,0.10767736371149196,0.5840235477213114,-0.07811507980091616,-0.6962228269626483,0,False,False,False
0.07436344841601232,-0.6040397347965603,-1.7719272622548692,0.5840235477213114,1.6540019070889604,0.264084520572039,0,False,False,False
-0.5834637794648333,1.057458283827827,1.0823193577291892,0.5840235477213114,-0.7743581823742979,1.2243918681067263,1,False,False,False
1.0253157622955766,-0.8340933066060912,-0.2918926244994874,-1.159330326073648,-0.31585662702109535,0.264084520572039,1,False,False,True
-0.760702203557082,0.622912648187602,-0.042468114202485314,-1.159330326073648,1.3313526644330034,-0.6962228269626483,1,False,False,False
-0.18808575648981743,0.8870482306355822,0.6550412152691885,-1.159330326073648,-1.6743797539935477,-0.6962228269626483,1,False,True,False
-1.4185294314379275,0.3246950551011734,-0.572808321175451,-0.28765338917616834,-1.5555089803834579,0.264084520572039,1,True,False,False
-1.5991762867627193,-0.09280957521982573,1.3672225747583329,1.455700484618791,0.3634049364651308,-0.6962228269626483,1,False,False,True
1.5979322093628414,-0.29730163905052004,0.9905041454944247,-0.28765338917616834,1.3822972816944703,1.2243918681067263,0,False,False,True
1.1650614428298494,-0.5103142055408261,1.0997519787604,-1.159330326073648,-0.876247416897232,1.2243918681067263,1,False,False,False
0.6878810702737957,1.4664424114892145,0.1395775265369335,-0.28765338917616834,-0.09509661888807175,0.264084520572039,0,False,False,False
-0.29033869346611463,1.1256223051047247,0.3260196640760125,1.455700484618791,-0.16302277523669442,2.1846992156414133,1,False,False,True
-1.0947284643463195,1.5857294487237852,1.4972259626831692,0.5840235477213114,-0.07811507980091616,-0.6962228269626483,1,False,False,False
-1.1526717952995547,-1.277159444905928,-0.0669555789354765,1.455700484618791,0.4313310928137535,0.264084520572039,1,False,True,False
-0.83227925944049,0.784802198720235,0.23389771950638807,-0.28765338917616834,-0.09509661888807175,-0.6962228269626483,0,False,False,True
0.18684167908993932,1.492003919468051,1.3393099322860715,-1.159330326073648,-0.18000431432385003,1.2243918681067263,0,False,True,False
0.7526412636921175,-1.0897083863944583,-0.41361423938310327,1.455700484618791,-0.07811507980091616,-0.6962228269626483,0,False,False,False
0.5651775459022389,-1.4731310060770093,1.0269030492311464,0.5840235477213114,0.312460319203664,0.264084520572039,0,True,False,True
-0.7300263224641927,0.8188842093586833,-1.087249568791506,-0.28765338917616834,0.12566338924495157,1.2243918681067263,1,False,False,True
1.5706647595024956,0.2565310338242757,0.7914348601702751,0.5840235477213114,1.2124818908229138,-0.6962228269626483,0,True,False,True
0.8310351820406119,1.168224818402786,1.574318022844653,1.455700484618791,-1.5215459022091469,-0.6962228269626483,0,False,False,False
0.20388383525265547,-1.226036428948255,0.5691561615083843,0.5840235477213114,1.144555734474291,0.264084520572039,0,False,False,True
0.4015728467401635,1.006335267870153,1.3811277739386536,0.5840235477213114,1.178518812648602,-0.6962228269626483,0,False,False,False
-0.25284594990813886,-1.0130238624579488,-0.8777513840821157,-0.28765338917616834,-0.723413565112831,-0.6962228269626483,0,False,False,True
-0.8390961219055765,-1.1493519050117444,-0.2565672839347757,-0.28765338917616834,-0.11207815797522734,-0.6962228269626483,1,False,False,False
-0.47098554879090637,-1.1408314023521327,-0.4751651945783463,-0.28765338917616834,-0.1969858534110056,-0.6962228269626483,0,False,True,False
0.8992038066914768,1.0744992891470506,0.3786753815603151,1.455700484618791,-0.9441735732458545,1.2243918681067263,0,False,False,False
-1.636669030320695,0.563269129570316,-1.421690057900542,1.455700484618791,-0.34981970519540656,-0.6962228269626483,1,False,True,False
-1.2890090446012843,0.07760047797241912,-0.5133533702684181,1.455700484618791,-1.5385274412963024,-0.6962228269626483,0,True,True,False
-1.5275992308793114,-0.47623219490237667,-0.448939579947815,-1.159330326073648,-0.7403951041999868,-0.6962228269626483,0,True,True,False
-1.5446413870420275,1.2875118556373566,-0.5566537515394903,0.5840235477213114,1.0766295781256685,-0.6962228269626483,0,False,False,True
1.2298216362481713,-0.36546566032741773,-0.3392316481795497,0.5840235477213114,-0.723413565112831,-0.6962228269626483,0,True,False,False
0.7151485201341417,1.0830197918066635,-1.4089606660038514,0.5840235477213114,1.0936111172128238,-0.6962228269626483,1,False,True,False
-0.06879066335080379,-0.20357610979478585,1.3264271742219509,0.5840235477213114,0.10868185015779598,-0.6962228269626483,1,False,False,False
-1.3503608067870627,-0.41658867628509194,0.9488907920650826,1.455700484618791,1.2973895862586922,-0.6962228269626483,0,False,False,True
-0.007438901165025543,-0.1268915858582752,-1.440605218550243,-0.28765338917616834,0.2615157019421969,0.264084520572039,1,False,False,True
-0.07219909458334696,-0.6722037560734592,-0.09236324067304773,-0.28765338917616834,-1.5894720585577695,-0.6962228269626483,0,False,False,True
-1.0947284643463195,0.8444457173375209,1.2799572254906588,-1.159330326073648,0.60114648368531,0.264084520572039,0,False,False,False
-0.20512791265253358,0.00943645669552021,1.2398775337356167,-0.28765338917616834,-1.5385274412963024,-0.6962228269626483,0,False,False,True
-0.3244230057915469,-0.9107778305426018,-0.03914518057483515,0.5840235477213114,-0.16302277523669442,-0.6962228269626483,0,False,True,False
0.4152065716703365,1.3641963795738674,-0.9096004248517473,0.5840235477213114,1.4672049771302487,0.264084520572039,0,False,False,False
0.4799667650886579,-0.3910271683062542,-0.592643678829732,-1.159330326073648,-1.1309705032045667,-0.6962228269626483,0,True,True,False
-1.5310076621118545,0.14576449924931684,0.417937120422397,-1.159330326073648,-0.36680124428256233,1.2243918681067263,1,False,False,False
-0.4062253553725848,1.389757887552704,1.5179815173420304,0.5840235477213114,0.7879434136440222,0.264084520572039,0,False,False,False
0.4492908839957688,0.4269410870165206,-0.9132812128700675,-1.159330326073648,1.2973895862586922,-0.6962228269626483,0,False,False,False
0.03005384239295022,-1.3027209528847645,-0.4874856100285569,-1.159330326073648,0.5841649445981544,1.2243918681067263,1,True,False,False
1.2332300674807146,1.5005244221276628,-0.3207765860321388,-1.159330326073648,-0.8083212605486093,0.264084520572039,0,False,True,False
0.5617691146696958,0.43546158967613235,0.5661910822714041,-1.159330326073648,0.60114648368531,-0.6962228269626483,1,True,False,False
-1.128812776671752,-0.5614372214984991,0.3605781738035742,-1.159330326073648,-0.6894504869385196,-0.6962228269626483,0,True,False,False
-1.4423884500657302,-1.226036428948255,1.4981461596877492,-0.28765338917616834,0.753980335469711,-0.6962228269626483,0,False,False,False
0.5038257837164607,1.006335267870153,1.1909026042696345,-0.28765338917616834,1.5521126725660268,1.2243918681067263,0,False,False,True
-1.5923594242976329,0.40990008169729586,0.748390089178253,1.455700484618791,0.753980335469711,0.264084520572039,1,False,False,True
0.3129536346940393,0.11168248861086737,-0.5065030147898778,-0.28765338917616834,1.246444968997225,2.1846992156414133,0,False,False,False
1.519538291014347,1.3471553742546425,-0.08817123209662753,0.5840235477213114,-1.6913612930807034,0.264084520572039,0,False,False,False
0.27546089113606353,0.9807737598913164,1.7484908669893313,-1.159330326073648,0.753980335469711,-0.6962228269626483,0,False,True,False
-0.3619157493495227,-1.1834339156501938,-0.7010224371469372,-1.159330326073648,1.1275741953871354,-0.6962228269626483,0,True,False,False
0.5072342149490039,-0.6381217454350098,-1.6100748335604012,0.5840235477213114,-1.5555089803834579,0.264084520572039,1,False,False,False
-0.12332556307149571,-0.8596548145849277,0.3275022036945026,-1.159330326073648,1.2634265080843803,-0.6962228269626483,1,False,False,False
0.1766163853923095,0.835925214677908,-1.3068699205512766,-0.28765338917616834,-0.825302799635765,3.145006563176101,1,False,False,True
1.52294672224689,-1.5924180433115813,-1.6587430306915236,-0.28765338917616834,0.5671834055109989,-0.6962228269626483,0,False,False,False
-0.36873261181460915,0.23949002850505102,0.3214698011089223,0.5840235477213114,1.0256849608642014,-0.6962228269626483,1,False,False,True
1.5911153468977546,0.8955687332951939,0.520487964377262,-1.159330326073648,0.5671834055109989,0.264084520572039,0,True,False,False
1.4002431978753336,1.2875118556373566,-1.3266541561497476,-0.28765338917616834,-1.3856935895119014,0.264084520572039,1,False,True,False
-1.016334545997825,-0.5358757135196626,-1.6906431935169652,0.5840235477213114,0.3294418582908196,-0.6962228269626483,1,False,False,False
-1.4492053125308169,1.1000607971258882,-0.8352178336481937,-1.159330326073648,0.17660800650641867,0.264084520572039,1,True,False,True
-1.340135513089433,-1.328282460863601,-1.7317964484440171,0.5840235477213114,1.3653157426073144,-0.6962228269626483,1,True,False,False
-1.6230353053905222,1.1852658237220106,-1.2352990424172732,0.5840235477213114,-0.31585662702109535,0.264084520572039,1,False,False,False
-1.3639945317172357,-1.2686389422463162,-0.2507904916282454,2.3273774215162706,-0.6045427915027414,0.264084520572039,0,True,False,True
0.6435714642507336,-0.34842465500819303,-1.439224923043373,-1.159330326073648,0.8558695699926449,1.2243918681067263,1,False,False,False
-1.4423884500657302,1.0148557705297658,-0.8099635380780524,1.455700484618791,-0.28189354884678386,1.2243918681067263,0,False,True,False
-0.5970975043950063,-1.1919544183098056,1.6465534877041865,-0.28765338917616834,0.4992572491623761,-0.6962228269626483,1,True,True,False
1.1957373239227385,-0.9192983332022135,1.51399399698885,-0.28765338917616834,0.4992572491623761,-0.6962228269626483,0,False,True,False
-1.6059931492278057,0.7592406907413985,-0.11945793025234905,-1.159330326073648,1.3313526644330034,3.145006563176101,1,False,False,False
1.0900759557138984,0.7507201880817855,0.8327414812647571,0.5840235477213114,0.34642339737797523,-0.6962228269626483,0,False,False,True
-0.7232094599991064,0.47806410297419355,-0.46903054788114595,-1.159330326073648,0.006792615634862117,1.2243918681067263,0,True,False,False
-1.282192182136198,0.6655151614856631,1.7282976549443805,-0.28765338917616834,-1.215878198640345,-0.6962228269626483,0,True,True,False
0.6912895015063389,0.14576449924931684,-1.686911283442835,-1.159330326073648,-1.3007858940761232,0.264084520572039,0,False,False,True
0.4595161776933986,-0.8426138092657041,0.9447499055444725,1.455700484618791,-1.1649335813788781,1.2243918681067263,0,False,True,False
1.3048071233641223,-0.5273552108600509,-0.6611472336151353,0.5840235477213114,-1.113988964117411,2.1846992156414133,0,False,False,False
0.8208098883429821,-1.0811878837348465,1.4392535513946265,0.5840235477213114,0.4822757100752206,-0.6962228269626483,0,False,False,True
1.0525832121559224,1.389757887552704,0.6854077164203299,-0.28765338917616834,0.8219064918183336,0.264084520572039,0,False,False,False
-0.7232094599991064,0.2820925418031122,0.728043510965872,-1.159330326073648,0.10868185015779598,-0.6962228269626483,0,True,False,True
-1.0810947394161465,-0.3399041523485813,1.6807541430410782,0.5840235477213114,1.1275741953871354,-0.6962228269626483,1,False,False,False
0.875344788063674,-0.1268915858582752,0.6989039391541706,-0.28765338917616834,1.6709834461761164,0.264084520572039,0,False,False,True
1.0662169370860957,1.5260859301065004,0.9628982353570233,-1.159330326073648,1.0936111172128238,0.264084520572039,1,False,False,True
1.693368283874052,-1.1834339156501938,0.6222208554391668,0.5840235477213114,0.6690726400339327,2.1846992156414133,0,False,False,True
-0.2767049685359416,0.2906130444627252,-1.6741307694903342,2.3273774215162706,0.10868185015779598,-0.6962228269626483,1,True,False,False
-0.41645064907021445,0.01795695935513318,-0.6429477817467744,0.5840235477213114,-0.16302277523669442,-0.6962228269626483,0,False,False,True
0.960555568877255,0.38433857371845936,0.05328349632964932,0.5840235477213114,-1.4026751285990573,-0.6962228269626483,0,False,False,False
-0.522112017279055,-1.643541059269254,0.36129388258491424,2.3273774215162706,-0.33283816610825095,-0.6962228269626483,0,False,False,False
1.4888624099214578,1.2704708503181332,-0.8527015767352145,-1.159330326073648,1.3992788207816256,-0.6962228269626483,0,False,False,False
1.240046929945801,1.4749629141488263,0.6839251768018398,-0.28765338917616834,1.0596480390385126,0.264084520572039,0,False,False,False
-0.22217006881524973,0.2224490231858263,1.1484712979473324,2.3273774215162706,-0.9611551123330102,-0.6962228269626483,1,False,False,False
0.875344788063674,0.6740356641452762,-0.12293423004742922,-1.159330326073648,-0.11207815797522734,2.1846992156414133,0,True,False,True
0.888978512993847,1.440880903510378,1.2777589770908286,0.5840235477213114,1.0766295781256685,2.1846992156414133,0,False,False,False
